video_path,h5path,status,Locomotion_type,Gesture_type,RMM_type
sub-A1H3H9Y3T1/ses-01/beh/sub-A1H3H9Y3T1_ses-01_task-dailyroutine_run-01_desc-processed_beh.mp4,sub-A1H3H9Y3T1_ses-01_task-dailyroutine_run-01_desc-processed_COI_bboxes.h5,1,,reach,
sub-A1H3H9Y3T1/ses-01/beh/sub-A1H3H9Y3T1_ses-01_task-generalsocialcommunicationinteraction_run-02_desc-processed_beh.mp4,sub-A1H3H9Y3T1_ses-01_task-generalsocialcommunicationinteraction_run-02_desc-processed_COI_bboxes.h5,0,,take,
sub-A1H3H9Y3T1/ses-01/beh/sub-A1H3H9Y3T1_ses-01_task-generalsocialcommunicationinteraction_run-04_desc-processed_beh.mp4,sub-A1H3H9Y3T1_ses-01_task-generalsocialcommunicationinteraction_run-04_desc-processed_COI_bboxes.h5,0,,take,
sub-A1H3H9Y3T1/ses-01/beh/sub-A1H3H9Y3T1_ses-01_task-generalsocialcommunicationinteraction_run-05_desc-processed_beh.mp4,sub-A1H3H9Y3T1_ses-01_task-generalsocialcommunicationinteraction_run-05_desc-processed_COI_bboxes.h5,0,,take,
sub-A1H3H9Y3T1/ses-01/beh/sub-A1H3H9Y3T1_ses-01_task-generalsocialcommunicationinteraction_run-07_desc-processed_beh.mp4,sub-A1H3H9Y3T1_ses-01_task-generalsocialcommunicationinteraction_run-07_desc-processed_COI_bboxes.h5,0,,,
sub-A1H3H9Y3T1/ses-01/beh/sub-A1H3H9Y3T1_ses-01_task-socialroutine_run-01_desc-processed_beh.mp4,sub-A1H3H9Y3T1_ses-01_task-socialroutine_run-01_desc-processed_COI_bboxes.h5,0,,,
sub-A1H3H9Y3T1/ses-02/beh/sub-A1H3H9Y3T1_ses-02_task-dailyroutine_run-01_desc-processed_beh.mp4,sub-A1H3H9Y3T1_ses-02_task-dailyroutine_run-01_desc-processed_COI_bboxes.h5,0,,,
sub-A1H3H9Y3T1/ses-02/beh/sub-A1H3H9Y3T1_ses-02_task-generalsocialcommunicationinteraction_run-03_desc-processed_beh.mp4,sub-A1H3H9Y3T1_ses-02_task-generalsocialcommunicationinteraction_run-03_desc-processed_COI_bboxes.h5,0,,,
sub-A1H3H9Y3T1/ses-02/beh/sub-A1H3H9Y3T1_ses-02_task-generalsocialcommunicationinteraction_run-04_desc-processed_beh.mp4,sub-A1H3H9Y3T1_ses-02_task-generalsocialcommunicationinteraction_run-04_desc-processed_COI_bboxes.h5,0,,reach,
sub-A1H3H9Y3T1/ses-02/beh/sub-A1H3H9Y3T1_ses-02_task-generalsocialcommunicationinteraction_run-05_desc-processed_beh.mp4,sub-A1H3H9Y3T1_ses-02_task-generalsocialcommunicationinteraction_run-05_desc-processed_COI_bboxes.h5,0,,,
sub-A2L1R9Y7C8/ses-01/beh/sub-A2L1R9Y7C8_ses-01_task-unknown_run-01_desc-processed_beh.mp4,sub-A2L1R9Y7C8_ses-01_task-unknown_run-01_desc-processed_COI_bboxes.h5,0,,,
sub-A2L1R9Y7C8/ses-01/beh/sub-A2L1R9Y7C8_ses-01_task-unknown_run-02_desc-processed_beh.mp4,sub-A2L1R9Y7C8_ses-01_task-unknown_run-02_desc-processed_COI_bboxes.h5,0,,,
sub-A2L1R9Y7C8/ses-01/beh/sub-A2L1R9Y7C8_ses-01_task-unknown_run-03_desc-processed_beh.mp4,sub-A2L1R9Y7C8_ses-01_task-unknown_run-03_desc-processed_COI_bboxes.h5,0,,,
sub-A2L1R9Y7C8/ses-01/beh/sub-A2L1R9Y7C8_ses-01_task-unknown_run-04_desc-processed_beh.mp4,sub-A2L1R9Y7C8_ses-01_task-unknown_run-04_desc-processed_COI_bboxes.h5,0,,,
sub-A2L1R9Y7C8/ses-02/beh/sub-A2L1R9Y7C8_ses-02_task-unknown_run-01_desc-processed_beh.mp4,sub-A2L1R9Y7C8_ses-02_task-unknown_run-01_desc-processed_COI_bboxes.h5,0,,,
sub-A2L1R9Y7C8/ses-02/beh/sub-A2L1R9Y7C8_ses-02_task-unknown_run-02_desc-processed_beh.mp4,sub-A2L1R9Y7C8_ses-02_task-unknown_run-02_desc-processed_COI_bboxes.h5,0,,,
sub-A2M5H0V6E3/ses-01/beh/sub-A2M5H0V6E3_ses-01_task-dailyroutine_run-01_desc-processed_beh.mp4,sub-A2M5H0V6E3_ses-01_task-dailyroutine_run-01_desc-processed_COI_bboxes.h5,0,,,
sub-A2M5H0V6E3/ses-01/beh/sub-A2M5H0V6E3_ses-01_task-dailyroutine_run-02_desc-processed_beh.mp4,sub-A2M5H0V6E3_ses-01_task-dailyroutine_run-02_desc-processed_COI_bboxes.h5,0,,,
sub-A2M5H0V6E3/ses-01/beh/sub-A2M5H0V6E3_ses-01_task-dailyroutine_run-03_desc-processed_beh.mp4,sub-A2M5H0V6E3_ses-01_task-dailyroutine_run-03_desc-processed_COI_bboxes.h5,0,,reach,
sub-A2M5H0V6E3/ses-01/beh/sub-A2M5H0V6E3_ses-01_task-dailyroutine_run-04_desc-processed_beh.mp4,sub-A2M5H0V6E3_ses-01_task-dailyroutine_run-04_desc-processed_COI_bboxes.h5,0,,,
sub-A2M5H0V6E3/ses-01/beh/sub-A2M5H0V6E3_ses-01_task-generalsocialcommunicationinteraction_run-01_desc-processed_beh.mp4,sub-A2M5H0V6E3_ses-01_task-generalsocialcommunicationinteraction_run-01_desc-processed_COI_bboxes.h5,0,,other,
sub-A2M5H0V6E3/ses-01/beh/sub-A2M5H0V6E3_ses-01_task-generalsocialcommunicationinteraction_run-03_desc-processed_beh.mp4,sub-A2M5H0V6E3_ses-01_task-generalsocialcommunicationinteraction_run-03_desc-processed_COI_bboxes.h5,0,walk,reach,hands flapping
sub-A2M5H0V6E3/ses-01/beh/sub-A2M5H0V6E3_ses-01_task-generalsocialcommunicationinteraction_run-07_desc-processed_beh.mp4,sub-A2M5H0V6E3_ses-01_task-generalsocialcommunicationinteraction_run-07_desc-processed_COI_bboxes.h5,0,,,other
sub-A2M5H0V6E3/ses-01/beh/sub-A2M5H0V6E3_ses-01_task-generalsocialcommunicationinteraction_run-08_desc-processed_beh.mp4,sub-A2M5H0V6E3_ses-01_task-generalsocialcommunicationinteraction_run-08_desc-processed_COI_bboxes.h5,0,,other,
sub-A2M5H0V6E3/ses-01/beh/sub-A2M5H0V6E3_ses-01_task-other_run-01_desc-processed_beh.mp4,sub-A2M5H0V6E3_ses-01_task-other_run-01_desc-processed_COI_bboxes.h5,0,,,
sub-A2M5H0V6E3/ses-01/beh/sub-A2M5H0V6E3_ses-01_task-toyplay_run-01_desc-processed_beh.mp4,sub-A2M5H0V6E3_ses-01_task-toyplay_run-01_desc-processed_COI_bboxes.h5,0,walk,reach,one hand flap
sub-A2M5H0V6E3/ses-02/beh/sub-A2M5H0V6E3_ses-02_task-motorplay_run-01_desc-processed_beh.mp4,sub-A2M5H0V6E3_ses-02_task-motorplay_run-01_desc-processed_COI_bboxes.h5,0,multiple,reach,hands flapping
sub-A2M5H0V6E3/ses-02/beh/sub-A2M5H0V6E3_ses-02_task-motorplay_run-02_desc-processed_beh.mp4,sub-A2M5H0V6E3_ses-02_task-motorplay_run-02_desc-processed_COI_bboxes.h5,0,multiple,multiple,multiple
sub-A2M5H0V6E3/ses-02/beh/sub-A2M5H0V6E3_ses-02_task-other_run-01_desc-processed_beh.mp4,sub-A2M5H0V6E3_ses-02_task-other_run-01_desc-processed_COI_bboxes.h5,0,,,
sub-A2M5H0V6E3/ses-02/beh/sub-A2M5H0V6E3_ses-02_task-toyplay_run-01_desc-processed_beh.mp4,sub-A2M5H0V6E3_ses-02_task-toyplay_run-01_desc-processed_COI_bboxes.h5,0,,,
sub-A2M5H0V6E3/ses-02/beh/sub-A2M5H0V6E3_ses-02_task-unknown_run-01_desc-processed_beh.mp4,sub-A2M5H0V6E3_ses-02_task-unknown_run-01_desc-processed_COI_bboxes.h5,0,,,
sub-A2P7X9N8L7/ses-01/beh/sub-A2P7X9N8L7_ses-01_task-dailyroutine_run-01_desc-processed_beh.mp4,sub-A2P7X9N8L7_ses-01_task-dailyroutine_run-01_desc-processed_COI_bboxes.h5,0,,,
sub-A2P7X9N8L7/ses-01/beh/sub-A2P7X9N8L7_ses-01_task-dailyroutine_run-02_desc-processed_beh.mp4,sub-A2P7X9N8L7_ses-01_task-dailyroutine_run-02_desc-processed_COI_bboxes.h5,0,,reach,
sub-A2P7X9N8L7/ses-01/beh/sub-A2P7X9N8L7_ses-01_task-generalsocialcommunicationinteraction_run-01_desc-processed_beh.mp4,sub-A2P7X9N8L7_ses-01_task-generalsocialcommunicationinteraction_run-01_desc-processed_COI_bboxes.h5,0,,wave,
sub-A2P7X9N8L7/ses-01/beh/sub-A2P7X9N8L7_ses-01_task-generalsocialcommunicationinteraction_run-03_desc-processed_beh.mp4,sub-A2P7X9N8L7_ses-01_task-generalsocialcommunicationinteraction_run-03_desc-processed_COI_bboxes.h5,0,,other,
sub-A2P7X9N8L7/ses-01/beh/sub-A2P7X9N8L7_ses-01_task-generalsocialcommunicationinteraction_run-04_desc-processed_beh.mp4,sub-A2P7X9N8L7_ses-01_task-generalsocialcommunicationinteraction_run-04_desc-processed_COI_bboxes.h5,0,,reach,
sub-A2P7X9N8L7/ses-01/beh/sub-A2P7X9N8L7_ses-01_task-generalsocialcommunicationinteraction_run-05_desc-processed_beh.mp4,sub-A2P7X9N8L7_ses-01_task-generalsocialcommunicationinteraction_run-05_desc-processed_COI_bboxes.h5,0,,multiple,
sub-A2P7X9N8L7/ses-01/beh/sub-A2P7X9N8L7_ses-01_task-specialoccasion_run-01_desc-processed_beh.mp4,sub-A2P7X9N8L7_ses-01_task-specialoccasion_run-01_desc-processed_COI_bboxes.h5,0,,reach,
sub-A2P7X9N8L7/ses-01/beh/sub-A2P7X9N8L7_ses-01_task-specialoccasion_run-02_desc-processed_beh.mp4,sub-A2P7X9N8L7_ses-01_task-specialoccasion_run-02_desc-processed_COI_bboxes.h5,0,,reach,
sub-A2P7X9N8L7/ses-01/beh/sub-A2P7X9N8L7_ses-01_task-toyplay_run-01_desc-processed_beh.mp4,sub-A2P7X9N8L7_ses-01_task-toyplay_run-01_desc-processed_COI_bboxes.h5,0,,reach,
sub-A2P7X9N8L7/ses-01/beh/sub-A2P7X9N8L7_ses-01_task-unknown_run-01_desc-processed_beh.mp4,sub-A2P7X9N8L7_ses-01_task-unknown_run-01_desc-processed_COI_bboxes.h5,0,,,
sub-A2P7X9N8L7/ses-02/beh/sub-A2P7X9N8L7_ses-02_task-generalsocialcommunicationinteraction_run-01_desc-processed_beh.mp4,sub-A2P7X9N8L7_ses-02_task-generalsocialcommunicationinteraction_run-01_desc-processed_COI_bboxes.h5,0,,reach,
sub-A2P7X9N8L7/ses-02/beh/sub-A2P7X9N8L7_ses-02_task-generalsocialcommunicationinteraction_run-03_desc-processed_beh.mp4,sub-A2P7X9N8L7_ses-02_task-generalsocialcommunicationinteraction_run-03_desc-processed_COI_bboxes.h5,0,,,
sub-A2P7X9N8L7/ses-02/beh/sub-A2P7X9N8L7_ses-02_task-generalsocialcommunicationinteraction_run-04_desc-processed_beh.mp4,sub-A2P7X9N8L7_ses-02_task-generalsocialcommunicationinteraction_run-04_desc-processed_COI_bboxes.h5,0,,multiple,
sub-A2P7X9N8L7/ses-02/beh/sub-A2P7X9N8L7_ses-02_task-motorplay_run-01_desc-processed_beh.mp4,sub-A2P7X9N8L7_ses-02_task-motorplay_run-01_desc-processed_COI_bboxes.h5,0,multiple,,
sub-A2P7X9N8L7/ses-02/beh/sub-A2P7X9N8L7_ses-02_task-motorplay_run-04_desc-processed_beh.mp4,sub-A2P7X9N8L7_ses-02_task-motorplay_run-04_desc-processed_COI_bboxes.h5,0,,,
sub-A2P7X9N8L7/ses-02/beh/sub-A2P7X9N8L7_ses-02_task-motorplay_run-05_desc-processed_beh.mp4,sub-A2P7X9N8L7_ses-02_task-motorplay_run-05_desc-processed_COI_bboxes.h5,0,multiple,,
sub-A3G3T7I1A5/ses-01/beh/sub-A3G3T7I1A5_ses-01_task-dailyroutine_run-01_desc-processed_beh.mp4,sub-A3G3T7I1A5_ses-01_task-dailyroutine_run-01_desc-processed_COI_bboxes.h5,0,,reach,
sub-A3G3T7I1A5/ses-01/beh/sub-A3G3T7I1A5_ses-01_task-motorplay_run-01_desc-processed_beh.mp4,sub-A3G3T7I1A5_ses-01_task-motorplay_run-01_desc-processed_COI_bboxes.h5,0,,,
sub-A3G3T7I1A5/ses-01/beh/sub-A3G3T7I1A5_ses-01_task-motorplay_run-02_desc-processed_beh.mp4,sub-A3G3T7I1A5_ses-01_task-motorplay_run-02_desc-processed_COI_bboxes.h5,0,,,
sub-A3G3T7I1A5/ses-01/beh/sub-A3G3T7I1A5_ses-01_task-specialoccasion_run-01_desc-processed_beh.mp4,sub-A3G3T7I1A5_ses-01_task-specialoccasion_run-01_desc-processed_COI_bboxes.h5,0,,,
sub-A3G3T7I1A5/ses-02/beh/sub-A3G3T7I1A5_ses-02_task-generalsocialcommunicationinteraction_run-01_desc-processed_beh.mp4,sub-A3G3T7I1A5_ses-02_task-generalsocialcommunicationinteraction_run-01_desc-processed_COI_bboxes.h5,0,,reach,
sub-A3G3T7I1A5/ses-02/beh/sub-A3G3T7I1A5_ses-02_task-generalsocialcommunicationinteraction_run-03_desc-processed_beh.mp4,sub-A3G3T7I1A5_ses-02_task-generalsocialcommunicationinteraction_run-03_desc-processed_COI_bboxes.h5,0,,reach,
sub-A3G3T7I1A5/ses-02/beh/sub-A3G3T7I1A5_ses-02_task-motorplay_run-01_desc-processed_beh.mp4,sub-A3G3T7I1A5_ses-02_task-motorplay_run-01_desc-processed_COI_bboxes.h5,0,,reach,
sub-A4E8K1L5Y2/ses-02/beh/sub-A4E8K1L5Y2_ses-02_task-dailyroutine_run-01_desc-processed_beh.mp4,sub-A4E8K1L5Y2_ses-02_task-dailyroutine_run-01_desc-processed_COI_bboxes.h5,0,,reach,
sub-A4E8K1L5Y2/ses-02/beh/sub-A4E8K1L5Y2_ses-02_task-generalsocialcommunicationinteraction_run-01_desc-processed_beh.mp4,sub-A4E8K1L5Y2_ses-02_task-generalsocialcommunicationinteraction_run-01_desc-processed_COI_bboxes.h5,0,,multiple,
sub-A4E8K1L5Y2/ses-02/beh/sub-A4E8K1L5Y2_ses-02_task-generalsocialcommunicationinteraction_run-02_desc-processed_beh.mp4,sub-A4E8K1L5Y2_ses-02_task-generalsocialcommunicationinteraction_run-02_desc-processed_COI_bboxes.h5,0,,,
sub-A4E8K1L5Y2/ses-02/beh/sub-A4E8K1L5Y2_ses-02_task-generalsocialcommunicationinteraction_run-03_desc-processed_beh.mp4,sub-A4E8K1L5Y2_ses-02_task-generalsocialcommunicationinteraction_run-03_desc-processed_COI_bboxes.h5,0,,point,
sub-A4E8K1L5Y2/ses-02/beh/sub-A4E8K1L5Y2_ses-02_task-generalsocialcommunicationinteraction_run-07_desc-processed_beh.mp4,sub-A4E8K1L5Y2_ses-02_task-generalsocialcommunicationinteraction_run-07_desc-processed_COI_bboxes.h5,0,,reach,
sub-A4E8K1L5Y2/ses-02/beh/sub-A4E8K1L5Y2_ses-02_task-generalsocialcommunicationinteraction_run-08_desc-processed_beh.mp4,sub-A4E8K1L5Y2_ses-02_task-generalsocialcommunicationinteraction_run-08_desc-processed_COI_bboxes.h5,0,,point,
sub-A4E8K1L5Y2/ses-02/beh/sub-A4E8K1L5Y2_ses-02_task-motorplay_run-01_desc-processed_beh.mp4,sub-A4E8K1L5Y2_ses-02_task-motorplay_run-01_desc-processed_COI_bboxes.h5,0,,,
sub-A4E8K1L5Y2/ses-02/beh/sub-A4E8K1L5Y2_ses-02_task-other_run-02_desc-processed_beh.mp4,sub-A4E8K1L5Y2_ses-02_task-other_run-02_desc-processed_COI_bboxes.h5,0,,,
sub-A4E8K1L5Y2/ses-02/beh/sub-A4E8K1L5Y2_ses-02_task-other_run-03_desc-processed_beh.mp4,sub-A4E8K1L5Y2_ses-02_task-other_run-03_desc-processed_COI_bboxes.h5,0,,,
sub-A4E8K1L5Y2/ses-02/beh/sub-A4E8K1L5Y2_ses-02_task-socialroutine_run-01_desc-processed_beh.mp4,sub-A4E8K1L5Y2_ses-02_task-socialroutine_run-01_desc-processed_COI_bboxes.h5,0,,,
sub-A4E8K1L5Y2/ses-02/beh/sub-A4E8K1L5Y2_ses-02_task-toyplay_run-01_desc-processed_beh.mp4,sub-A4E8K1L5Y2_ses-02_task-toyplay_run-01_desc-processed_COI_bboxes.h5,0,,reach,
sub-A5S7G5T0S5/ses-01/beh/sub-A5S7G5T0S5_ses-01_task-generalsocialcommunicationinteraction_run-01_desc-processed_beh.mp4,sub-A5S7G5T0S5_ses-01_task-generalsocialcommunicationinteraction_run-01_desc-processed_COI_bboxes.h5,0,,,
sub-A5S7G5T0S5/ses-01/beh/sub-A5S7G5T0S5_ses-01_task-generalsocialcommunicationinteraction_run-02_desc-processed_beh.mp4,sub-A5S7G5T0S5_ses-01_task-generalsocialcommunicationinteraction_run-02_desc-processed_COI_bboxes.h5,0,,reach,
sub-A5S7G5T0S5/ses-01/beh/sub-A5S7G5T0S5_ses-01_task-generalsocialcommunicationinteraction_run-03_desc-processed_beh.mp4,sub-A5S7G5T0S5_ses-01_task-generalsocialcommunicationinteraction_run-03_desc-processed_COI_bboxes.h5,0,,,
sub-A5S7G5T0S5/ses-01/beh/sub-A5S7G5T0S5_ses-01_task-generalsocialcommunicationinteraction_run-04_desc-processed_beh.mp4,sub-A5S7G5T0S5_ses-01_task-generalsocialcommunicationinteraction_run-04_desc-processed_COI_bboxes.h5,0,,,
sub-A5S7G5T0S5/ses-02/beh/sub-A5S7G5T0S5_ses-02_task-generalsocialcommunicationinteraction_run-03_desc-processed_beh.mp4,sub-A5S7G5T0S5_ses-02_task-generalsocialcommunicationinteraction_run-03_desc-processed_COI_bboxes.h5,0,,,
sub-A5S7G5T0S5/ses-02/beh/sub-A5S7G5T0S5_ses-02_task-generalsocialcommunicationinteraction_run-04_desc-processed_beh.mp4,sub-A5S7G5T0S5_ses-02_task-generalsocialcommunicationinteraction_run-04_desc-processed_COI_bboxes.h5,0,,,
sub-A5S7G5T0S5/ses-02/beh/sub-A5S7G5T0S5_ses-02_task-motorplay_run-01_desc-processed_beh.mp4,sub-A5S7G5T0S5_ses-02_task-motorplay_run-01_desc-processed_COI_bboxes.h5,0,run,,
sub-A5S7G5T0S5/ses-02/beh/sub-A5S7G5T0S5_ses-02_task-other_run-01_desc-processed_beh.mp4,sub-A5S7G5T0S5_ses-02_task-other_run-01_desc-processed_COI_bboxes.h5,0,walk,,
sub-A5X1S7S1E7/ses-01/beh/sub-A5X1S7S1E7_ses-01_task-dailyroutine_run-01_desc-processed_beh.mp4,sub-A5X1S7S1E7_ses-01_task-dailyroutine_run-01_desc-processed_COI_bboxes.h5,0,,reach,
sub-A5X1S7S1E7/ses-01/beh/sub-A5X1S7S1E7_ses-01_task-generalsocialcommunicationinteraction_run-01_desc-processed_beh.mp4,sub-A5X1S7S1E7_ses-01_task-generalsocialcommunicationinteraction_run-01_desc-processed_COI_bboxes.h5,0,,reach,
sub-A5X1S7S1E7/ses-02/beh/sub-A5X1S7S1E7_ses-02_task-dailyroutine_run-01_desc-processed_beh.mp4,sub-A5X1S7S1E7_ses-02_task-dailyroutine_run-01_desc-processed_COI_bboxes.h5,0,,reach,
sub-A5X1S7S1E7/ses-02/beh/sub-A5X1S7S1E7_ses-02_task-generalsocialcommunicationinteraction_run-01_desc-processed_beh.mp4,sub-A5X1S7S1E7_ses-02_task-generalsocialcommunicationinteraction_run-01_desc-processed_COI_bboxes.h5,0,,,
sub-A5X1S7S1E7/ses-02/beh/sub-A5X1S7S1E7_ses-02_task-socialroutine_run-02_desc-processed_beh.mp4,sub-A5X1S7S1E7_ses-02_task-socialroutine_run-02_desc-processed_COI_bboxes.h5,0,,,
sub-A5X1S7S1E7/ses-02/beh/sub-A5X1S7S1E7_ses-02_task-toyplay_run-02_desc-processed_beh.mp4,sub-A5X1S7S1E7_ses-02_task-toyplay_run-02_desc-processed_COI_bboxes.h5,0,,,
sub-A5X1S7S1E7/ses-02/beh/sub-A5X1S7S1E7_ses-02_task-toyplay_run-03_desc-processed_beh.mp4,sub-A5X1S7S1E7_ses-02_task-toyplay_run-03_desc-processed_COI_bboxes.h5,0,,,
sub-A6S0V1J3G6/ses-01/beh/sub-A6S0V1J3G6_ses-01_task-generalsocialcommunicationinteraction_run-01_desc-processed_beh.mp4,sub-A6S0V1J3G6_ses-01_task-generalsocialcommunicationinteraction_run-01_desc-processed_COI_bboxes.h5,0,,,
sub-A6S0V1J3G6/ses-01/beh/sub-A6S0V1J3G6_ses-01_task-generalsocialcommunicationinteraction_run-02_desc-processed_beh.mp4,sub-A6S0V1J3G6_ses-01_task-generalsocialcommunicationinteraction_run-02_desc-processed_COI_bboxes.h5,0,,,
sub-A6S0V1J3G6/ses-01/beh/sub-A6S0V1J3G6_ses-01_task-generalsocialcommunicationinteraction_run-03_desc-processed_beh.mp4,sub-A6S0V1J3G6_ses-01_task-generalsocialcommunicationinteraction_run-03_desc-processed_COI_bboxes.h5,0,,,
sub-A6S0V1J3G6/ses-01/beh/sub-A6S0V1J3G6_ses-01_task-other_run-01_desc-processed_beh.mp4,sub-A6S0V1J3G6_ses-01_task-other_run-01_desc-processed_COI_bboxes.h5,0,,,
sub-A6S0V1J3G6/ses-01/beh/sub-A6S0V1J3G6_ses-01_task-other_run-02_desc-processed_beh.mp4,sub-A6S0V1J3G6_ses-01_task-other_run-02_desc-processed_COI_bboxes.h5,0,,,
sub-A6S0V1J3G6/ses-02/beh/sub-A6S0V1J3G6_ses-02_task-generalsocialcommunicationinteraction_run-01_desc-processed_beh.mp4,sub-A6S0V1J3G6_ses-02_task-generalsocialcommunicationinteraction_run-01_desc-processed_COI_bboxes.h5,0,,,
sub-A6S0V1J3G6/ses-02/beh/sub-A6S0V1J3G6_ses-02_task-generalsocialcommunicationinteraction_run-02_desc-processed_beh.mp4,sub-A6S0V1J3G6_ses-02_task-generalsocialcommunicationinteraction_run-02_desc-processed_COI_bboxes.h5,0,,,
sub-A6S0V1J3G6/ses-02/beh/sub-A6S0V1J3G6_ses-02_task-motorplay_run-03_desc-processed_beh.mp4,sub-A6S0V1J3G6_ses-02_task-motorplay_run-03_desc-processed_COI_bboxes.h5,0,,,
sub-A6S0V1J3G6/ses-02/beh/sub-A6S0V1J3G6_ses-02_task-motorplay_run-04_desc-processed_beh.mp4,sub-A6S0V1J3G6_ses-02_task-motorplay_run-04_desc-processed_COI_bboxes.h5,0,walk,,hands flapping
sub-A6S0V1J3G6/ses-02/beh/sub-A6S0V1J3G6_ses-02_task-other_run-02_desc-processed_beh.mp4,sub-A6S0V1J3G6_ses-02_task-other_run-02_desc-processed_COI_bboxes.h5,0,,multiple,
sub-A6Y4Y7X2G1/ses-01/beh/sub-A6Y4Y7X2G1_ses-01_task-dailyroutine_run-01_desc-processed_beh.mp4,sub-A6Y4Y7X2G1_ses-01_task-dailyroutine_run-01_desc-processed_COI_bboxes.h5,0,,reach,
sub-A6Y4Y7X2G1/ses-01/beh/sub-A6Y4Y7X2G1_ses-01_task-dailyroutine_run-02_desc-processed_beh.mp4,sub-A6Y4Y7X2G1_ses-01_task-dailyroutine_run-02_desc-processed_COI_bboxes.h5,0,,,
sub-A6Y4Y7X2G1/ses-01/beh/sub-A6Y4Y7X2G1_ses-01_task-dailyroutine_run-04_desc-processed_beh.mp4,sub-A6Y4Y7X2G1_ses-01_task-dailyroutine_run-04_desc-processed_COI_bboxes.h5,0,,reach,
sub-A6Y4Y7X2G1/ses-01/beh/sub-A6Y4Y7X2G1_ses-01_task-generalsocialcommunicationinteraction_run-03_desc-processed_beh.mp4,sub-A6Y4Y7X2G1_ses-01_task-generalsocialcommunicationinteraction_run-03_desc-processed_COI_bboxes.h5,0,,multiple,
sub-A6Y4Y7X2G1/ses-01/beh/sub-A6Y4Y7X2G1_ses-01_task-generalsocialcommunicationinteraction_run-06_desc-processed_beh.mp4,sub-A6Y4Y7X2G1_ses-01_task-generalsocialcommunicationinteraction_run-06_desc-processed_COI_bboxes.h5,0,,reach,
sub-A6Y4Y7X2G1/ses-01/beh/sub-A6Y4Y7X2G1_ses-01_task-generalsocialcommunicationinteraction_run-07_desc-processed_beh.mp4,sub-A6Y4Y7X2G1_ses-01_task-generalsocialcommunicationinteraction_run-07_desc-processed_COI_bboxes.h5,0,,multiple,
sub-A6Y4Y7X2G1/ses-01/beh/sub-A6Y4Y7X2G1_ses-01_task-generalsocialcommunicationinteraction_run-08_desc-processed_beh.mp4,sub-A6Y4Y7X2G1_ses-01_task-generalsocialcommunicationinteraction_run-08_desc-processed_COI_bboxes.h5,0,,,
sub-A6Y4Y7X2G1/ses-01/beh/sub-A6Y4Y7X2G1_ses-01_task-generalsocialcommunicationinteraction_run-10_desc-processed_beh.mp4,sub-A6Y4Y7X2G1_ses-01_task-generalsocialcommunicationinteraction_run-10_desc-processed_COI_bboxes.h5,0,,multiple,
sub-A6Y4Y7X2G1/ses-01/beh/sub-A6Y4Y7X2G1_ses-01_task-other_run-01_desc-processed_beh.mp4,sub-A6Y4Y7X2G1_ses-01_task-other_run-01_desc-processed_COI_bboxes.h5,0,,,
sub-A6Y4Y7X2G1/ses-01/beh/sub-A6Y4Y7X2G1_ses-01_task-other_run-02_desc-processed_beh.mp4,sub-A6Y4Y7X2G1_ses-01_task-other_run-02_desc-processed_COI_bboxes.h5,0,,,
sub-A6Y4Y7X2G1/ses-01/beh/sub-A6Y4Y7X2G1_ses-01_task-other_run-03_desc-processed_beh.mp4,sub-A6Y4Y7X2G1_ses-01_task-other_run-03_desc-processed_COI_bboxes.h5,0,,reach,
sub-A6Y4Y7X2G1/ses-01/beh/sub-A6Y4Y7X2G1_ses-01_task-other_run-04_desc-processed_beh.mp4,sub-A6Y4Y7X2G1_ses-01_task-other_run-04_desc-processed_COI_bboxes.h5,0,,,
sub-A6Y4Y7X2G1/ses-01/beh/sub-A6Y4Y7X2G1_ses-01_task-other_run-07_desc-processed_beh.mp4,sub-A6Y4Y7X2G1_ses-01_task-other_run-07_desc-processed_COI_bboxes.h5,0,,reach,
sub-A6Y4Y7X2G1/ses-01/beh/sub-A6Y4Y7X2G1_ses-01_task-socialroutine_run-02_desc-processed_beh.mp4,sub-A6Y4Y7X2G1_ses-01_task-socialroutine_run-02_desc-processed_COI_bboxes.h5,0,,,
sub-A6Y4Y7X2G1/ses-01/beh/sub-A6Y4Y7X2G1_ses-01_task-toyplay_run-03_desc-processed_beh.mp4,sub-A6Y4Y7X2G1_ses-01_task-toyplay_run-03_desc-processed_COI_bboxes.h5,0,,reach,
sub-A6Y4Y7X2G1/ses-02/beh/sub-A6Y4Y7X2G1_ses-02_task-dailyroutine_run-01_desc-processed_beh.mp4,sub-A6Y4Y7X2G1_ses-02_task-dailyroutine_run-01_desc-processed_COI_bboxes.h5,0,,reach,
sub-A6Y4Y7X2G1/ses-02/beh/sub-A6Y4Y7X2G1_ses-02_task-generalsocialcommunicationinteraction_run-02_desc-processed_beh.mp4,sub-A6Y4Y7X2G1_ses-02_task-generalsocialcommunicationinteraction_run-02_desc-processed_COI_bboxes.h5,0,,wave,
sub-A6Y4Y7X2G1/ses-02/beh/sub-A6Y4Y7X2G1_ses-02_task-other_run-01_desc-processed_beh.mp4,sub-A6Y4Y7X2G1_ses-02_task-other_run-01_desc-processed_COI_bboxes.h5,0,,,
sub-A6Y4Y7X2G1/ses-02/beh/sub-A6Y4Y7X2G1_ses-02_task-specialoccasion_run-02_desc-processed_beh.mp4,sub-A6Y4Y7X2G1_ses-02_task-specialoccasion_run-02_desc-processed_COI_bboxes.h5,0,,multiple,
sub-A6Y4Y7X2G1/ses-02/beh/sub-A6Y4Y7X2G1_ses-02_task-specialoccasion_run-05_desc-processed_beh.mp4,sub-A6Y4Y7X2G1_ses-02_task-specialoccasion_run-05_desc-processed_COI_bboxes.h5,0,,multiple,
sub-A6Y4Y7X2G1/ses-02/beh/sub-A6Y4Y7X2G1_ses-02_task-specialoccasion_run-06_desc-processed_beh.mp4,sub-A6Y4Y7X2G1_ses-02_task-specialoccasion_run-06_desc-processed_COI_bboxes.h5,0,,take,
sub-A6Z2B3J2A9/ses-01/beh/sub-A6Z2B3J2A9_ses-01_task-generalsocialcommunicationinteraction_run-01_desc-processed_beh.mp4,sub-A6Z2B3J2A9_ses-01_task-generalsocialcommunicationinteraction_run-01_desc-processed_COI_bboxes.h5,0,,multiple,
sub-A6Z2B3J2A9/ses-01/beh/sub-A6Z2B3J2A9_ses-01_task-motorplay_run-01_desc-processed_beh.mp4,sub-A6Z2B3J2A9_ses-01_task-motorplay_run-01_desc-processed_COI_bboxes.h5,0,,,
sub-A6Z2B3J2A9/ses-01/beh/sub-A6Z2B3J2A9_ses-01_task-socialroutine_run-01_desc-processed_beh.mp4,sub-A6Z2B3J2A9_ses-01_task-socialroutine_run-01_desc-processed_COI_bboxes.h5,0,,,spinning
sub-A6Z2B3J2A9/ses-01/beh/sub-A6Z2B3J2A9_ses-01_task-toyplay_run-01_desc-processed_beh.mp4,sub-A6Z2B3J2A9_ses-01_task-toyplay_run-01_desc-processed_COI_bboxes.h5,0,multiple,multiple,
sub-A6Z2B3J2A9/ses-02/beh/sub-A6Z2B3J2A9_ses-02_task-generalsocialcommunicationinteraction_run-01_desc-processed_beh.mp4,sub-A6Z2B3J2A9_ses-02_task-generalsocialcommunicationinteraction_run-01_desc-processed_COI_bboxes.h5,0,,point,
sub-A6Z2B3J2A9/ses-02/beh/sub-A6Z2B3J2A9_ses-02_task-generalsocialcommunicationinteraction_run-02_desc-processed_beh.mp4,sub-A6Z2B3J2A9_ses-02_task-generalsocialcommunicationinteraction_run-02_desc-processed_COI_bboxes.h5,0,,point,
sub-A6Z2B3J2A9/ses-02/beh/sub-A6Z2B3J2A9_ses-02_task-specialoccasion_run-01_desc-processed_beh.mp4,sub-A6Z2B3J2A9_ses-02_task-specialoccasion_run-01_desc-processed_COI_bboxes.h5,0,multiple,multiple,jumping
sub-A6Z2B3J2A9/ses-02/beh/sub-A6Z2B3J2A9_ses-02_task-toyplay_run-01_desc-processed_beh.mp4,sub-A6Z2B3J2A9_ses-02_task-toyplay_run-01_desc-processed_COI_bboxes.h5,0,,,
sub-A8P5O6Z7X6/ses-01/beh/sub-A8P5O6Z7X6_ses-01_task-bookshare_run-01_desc-processed_beh.mp4,sub-A8P5O6Z7X6_ses-01_task-bookshare_run-01_desc-processed_COI_bboxes.h5,0,,reach,
sub-A8P5O6Z7X6/ses-01/beh/sub-A8P5O6Z7X6_ses-01_task-dailyroutine_run-01_desc-processed_beh.mp4,sub-A8P5O6Z7X6_ses-01_task-dailyroutine_run-01_desc-processed_COI_bboxes.h5,0,,,
sub-A8P5O6Z7X6/ses-01/beh/sub-A8P5O6Z7X6_ses-01_task-motorplay_run-01_desc-processed_beh.mp4,sub-A8P5O6Z7X6_ses-01_task-motorplay_run-01_desc-processed_COI_bboxes.h5,0,walk,,
sub-A8P5O6Z7X6/ses-01/beh/sub-A8P5O6Z7X6_ses-01_task-motorplay_run-02_desc-processed_beh.mp4,sub-A8P5O6Z7X6_ses-01_task-motorplay_run-02_desc-processed_COI_bboxes.h5,0,crawl,reach,
sub-A8P5O6Z7X6/ses-01/beh/sub-A8P5O6Z7X6_ses-01_task-specialoccasion_run-01_desc-processed_beh.mp4,sub-A8P5O6Z7X6_ses-01_task-specialoccasion_run-01_desc-processed_COI_bboxes.h5,0,,,
sub-A8P5O6Z7X6/ses-01/beh/sub-A8P5O6Z7X6_ses-01_task-toyplay_run-01_desc-processed_beh.mp4,sub-A8P5O6Z7X6_ses-01_task-toyplay_run-01_desc-processed_COI_bboxes.h5,0,,reach,
sub-A8P5O6Z7X6/ses-01/beh/sub-A8P5O6Z7X6_ses-01_task-toyplay_run-02_desc-processed_beh.mp4,sub-A8P5O6Z7X6_ses-01_task-toyplay_run-02_desc-processed_COI_bboxes.h5,0,,multiple,
sub-A8P5O6Z7X6/ses-01/beh/sub-A8P5O6Z7X6_ses-01_task-toyplay_run-03_desc-processed_beh.mp4,sub-A8P5O6Z7X6_ses-01_task-toyplay_run-03_desc-processed_COI_bboxes.h5,0,,reach,
sub-A8P5O6Z7X6/ses-02/beh/sub-A8P5O6Z7X6_ses-02_task-generalsocialcommunicationinteraction_run-01_desc-processed_beh.mp4,sub-A8P5O6Z7X6_ses-02_task-generalsocialcommunicationinteraction_run-01_desc-processed_COI_bboxes.h5,0,,reach,
sub-A8P5O6Z7X6/ses-02/beh/sub-A8P5O6Z7X6_ses-02_task-generalsocialcommunicationinteraction_run-02_desc-processed_beh.mp4,sub-A8P5O6Z7X6_ses-02_task-generalsocialcommunicationinteraction_run-02_desc-processed_COI_bboxes.h5,0,,,
sub-A8P5O6Z7X6/ses-02/beh/sub-A8P5O6Z7X6_ses-02_task-generalsocialcommunicationinteraction_run-05_desc-processed_beh.mp4,sub-A8P5O6Z7X6_ses-02_task-generalsocialcommunicationinteraction_run-05_desc-processed_COI_bboxes.h5,0,,reach,
sub-A8P5O6Z7X6/ses-02/beh/sub-A8P5O6Z7X6_ses-02_task-motorplay_run-02_desc-processed_beh.mp4,sub-A8P5O6Z7X6_ses-02_task-motorplay_run-02_desc-processed_COI_bboxes.h5,0,,,
sub-A8P5O6Z7X6/ses-02/beh/sub-A8P5O6Z7X6_ses-02_task-toyplay_run-01_desc-processed_beh.mp4,sub-A8P5O6Z7X6_ses-02_task-toyplay_run-01_desc-processed_COI_bboxes.h5,0,,reach,
sub-B1L0B3F6F1/ses-01/beh/sub-B1L0B3F6F1_ses-01_task-dailyroutine_run-01_desc-processed_beh.mp4,sub-B1L0B3F6F1_ses-01_task-dailyroutine_run-01_desc-processed_COI_bboxes.h5,0,,,
sub-B1L0B3F6F1/ses-01/beh/sub-B1L0B3F6F1_ses-01_task-generalsocialcommunicationinteraction_run-01_desc-processed_beh.mp4,sub-B1L0B3F6F1_ses-01_task-generalsocialcommunicationinteraction_run-01_desc-processed_COI_bboxes.h5,0,,,
sub-B1L0B3F6F1/ses-01/beh/sub-B1L0B3F6F1_ses-01_task-generalsocialcommunicationinteraction_run-05_desc-processed_beh.mp4,sub-B1L0B3F6F1_ses-01_task-generalsocialcommunicationinteraction_run-05_desc-processed_COI_bboxes.h5,0,,,
sub-B1L0B3F6F1/ses-01/beh/sub-B1L0B3F6F1_ses-01_task-other_run-01_desc-processed_beh.mp4,sub-B1L0B3F6F1_ses-01_task-other_run-01_desc-processed_COI_bboxes.h5,0,,multiple,
sub-B1L0B3F6F1/ses-01/beh/sub-B1L0B3F6F1_ses-01_task-toyplay_run-01_desc-processed_beh.mp4,sub-B1L0B3F6F1_ses-01_task-toyplay_run-01_desc-processed_COI_bboxes.h5,0,,multiple,
sub-B1L0B3F6F1/ses-01/beh/sub-B1L0B3F6F1_ses-01_task-toyplay_run-04_desc-processed_beh.mp4,sub-B1L0B3F6F1_ses-01_task-toyplay_run-04_desc-processed_COI_bboxes.h5,0,,reach,
sub-B1L0B3F6F1/ses-02/beh/sub-B1L0B3F6F1_ses-02_task-generalsocialcommunicationinteraction_run-01_desc-processed_beh.mp4,sub-B1L0B3F6F1_ses-02_task-generalsocialcommunicationinteraction_run-01_desc-processed_COI_bboxes.h5,0,,reach,
sub-B1L0B3F6F1/ses-02/beh/sub-B1L0B3F6F1_ses-02_task-generalsocialcommunicationinteraction_run-02_desc-processed_beh.mp4,sub-B1L0B3F6F1_ses-02_task-generalsocialcommunicationinteraction_run-02_desc-processed_COI_bboxes.h5,0,,,
sub-B1L0B3F6F1/ses-02/beh/sub-B1L0B3F6F1_ses-02_task-generalsocialcommunicationinteraction_run-03_desc-processed_beh.mp4,sub-B1L0B3F6F1_ses-02_task-generalsocialcommunicationinteraction_run-03_desc-processed_COI_bboxes.h5,0,,multiple,
sub-B1L0B3F6F1/ses-02/beh/sub-B1L0B3F6F1_ses-02_task-generalsocialcommunicationinteraction_run-04_desc-processed_beh.mp4,sub-B1L0B3F6F1_ses-02_task-generalsocialcommunicationinteraction_run-04_desc-processed_COI_bboxes.h5,0,,,
sub-B1L0B3F6F1/ses-02/beh/sub-B1L0B3F6F1_ses-02_task-generalsocialcommunicationinteraction_run-05_desc-processed_beh.mp4,sub-B1L0B3F6F1_ses-02_task-generalsocialcommunicationinteraction_run-05_desc-processed_COI_bboxes.h5,0,,,
sub-B1L0B3F6F1/ses-02/beh/sub-B1L0B3F6F1_ses-02_task-generalsocialcommunicationinteraction_run-07_desc-processed_beh.mp4,sub-B1L0B3F6F1_ses-02_task-generalsocialcommunicationinteraction_run-07_desc-processed_COI_bboxes.h5,0,,,
sub-B1L0B3F6F1/ses-02/beh/sub-B1L0B3F6F1_ses-02_task-generalsocialcommunicationinteraction_run-08_desc-processed_beh.mp4,sub-B1L0B3F6F1_ses-02_task-generalsocialcommunicationinteraction_run-08_desc-processed_COI_bboxes.h5,0,,,
sub-B1L0B3F6F1/ses-02/beh/sub-B1L0B3F6F1_ses-02_task-toyplay_run-01_desc-processed_beh.mp4,sub-B1L0B3F6F1_ses-02_task-toyplay_run-01_desc-processed_COI_bboxes.h5,0,,,
sub-B1S3L8Q7Y6/ses-01/beh/sub-B1S3L8Q7Y6_ses-01_task-dailyroutine_run-01_desc-processed_beh.mp4,sub-B1S3L8Q7Y6_ses-01_task-dailyroutine_run-01_desc-processed_COI_bboxes.h5,0,,,
sub-B1S3L8Q7Y6/ses-01/beh/sub-B1S3L8Q7Y6_ses-01_task-dailyroutine_run-04_desc-processed_beh.mp4,sub-B1S3L8Q7Y6_ses-01_task-dailyroutine_run-04_desc-processed_COI_bboxes.h5,0,,,
sub-B1S3L8Q7Y6/ses-01/beh/sub-B1S3L8Q7Y6_ses-01_task-dailyroutine_run-05_desc-processed_beh.mp4,sub-B1S3L8Q7Y6_ses-01_task-dailyroutine_run-05_desc-processed_COI_bboxes.h5,0,,,
sub-B1S3L8Q7Y6/ses-01/beh/sub-B1S3L8Q7Y6_ses-01_task-dailyroutine_run-06_desc-processed_beh.mp4,sub-B1S3L8Q7Y6_ses-01_task-dailyroutine_run-06_desc-processed_COI_bboxes.h5,0,,reach,
sub-B1S3L8Q7Y6/ses-01/beh/sub-B1S3L8Q7Y6_ses-01_task-dailyroutine_run-07_desc-processed_beh.mp4,sub-B1S3L8Q7Y6_ses-01_task-dailyroutine_run-07_desc-processed_COI_bboxes.h5,0,,,
sub-B1S3L8Q7Y6/ses-01/beh/sub-B1S3L8Q7Y6_ses-01_task-dailyroutine_run-08_desc-processed_beh.mp4,sub-B1S3L8Q7Y6_ses-01_task-dailyroutine_run-08_desc-processed_COI_bboxes.h5,0,,,
sub-B1S3L8Q7Y6/ses-01/beh/sub-B1S3L8Q7Y6_ses-01_task-generalsocialcommunicationinteraction_run-03_desc-processed_beh.mp4,sub-B1S3L8Q7Y6_ses-01_task-generalsocialcommunicationinteraction_run-03_desc-processed_COI_bboxes.h5,0,,,
sub-B1S3L8Q7Y6/ses-01/beh/sub-B1S3L8Q7Y6_ses-01_task-generalsocialcommunicationinteraction_run-06_desc-processed_beh.mp4,sub-B1S3L8Q7Y6_ses-01_task-generalsocialcommunicationinteraction_run-06_desc-processed_COI_bboxes.h5,0,,,
sub-B1S3L8Q7Y6/ses-01/beh/sub-B1S3L8Q7Y6_ses-01_task-generalsocialcommunicationinteraction_run-07_desc-processed_beh.mp4,sub-B1S3L8Q7Y6_ses-01_task-generalsocialcommunicationinteraction_run-07_desc-processed_COI_bboxes.h5,0,,reach,
sub-B1S3L8Q7Y6/ses-01/beh/sub-B1S3L8Q7Y6_ses-01_task-generalsocialcommunicationinteraction_run-08_desc-processed_beh.mp4,sub-B1S3L8Q7Y6_ses-01_task-generalsocialcommunicationinteraction_run-08_desc-processed_COI_bboxes.h5,0,,reach,
sub-B1S3L8Q7Y6/ses-01/beh/sub-B1S3L8Q7Y6_ses-01_task-generalsocialcommunicationinteraction_run-09_desc-processed_beh.mp4,sub-B1S3L8Q7Y6_ses-01_task-generalsocialcommunicationinteraction_run-09_desc-processed_COI_bboxes.h5,0,,,
sub-B1S3L8Q7Y6/ses-01/beh/sub-B1S3L8Q7Y6_ses-01_task-generalsocialcommunicationinteraction_run-10_desc-processed_beh.mp4,sub-B1S3L8Q7Y6_ses-01_task-generalsocialcommunicationinteraction_run-10_desc-processed_COI_bboxes.h5,0,,,
sub-B1S3L8Q7Y6/ses-01/beh/sub-B1S3L8Q7Y6_ses-01_task-generalsocialcommunicationinteraction_run-13_desc-processed_beh.mp4,sub-B1S3L8Q7Y6_ses-01_task-generalsocialcommunicationinteraction_run-13_desc-processed_COI_bboxes.h5,0,,reach,
sub-B1S3L8Q7Y6/ses-01/beh/sub-B1S3L8Q7Y6_ses-01_task-generalsocialcommunicationinteraction_run-14_desc-processed_beh.mp4,sub-B1S3L8Q7Y6_ses-01_task-generalsocialcommunicationinteraction_run-14_desc-processed_COI_bboxes.h5,0,,,
sub-B1S3L8Q7Y6/ses-01/beh/sub-B1S3L8Q7Y6_ses-01_task-motorplay_run-01_desc-processed_beh.mp4,sub-B1S3L8Q7Y6_ses-01_task-motorplay_run-01_desc-processed_COI_bboxes.h5,0,,reach,
sub-B1S3L8Q7Y6/ses-01/beh/sub-B1S3L8Q7Y6_ses-01_task-motorplay_run-03_desc-processed_beh.mp4,sub-B1S3L8Q7Y6_ses-01_task-motorplay_run-03_desc-processed_COI_bboxes.h5,0,walk,,hands flapping
sub-B1S3L8Q7Y6/ses-01/beh/sub-B1S3L8Q7Y6_ses-01_task-motorplay_run-04_desc-processed_beh.mp4,sub-B1S3L8Q7Y6_ses-01_task-motorplay_run-04_desc-processed_COI_bboxes.h5,0,,reach,
sub-B1S3L8Q7Y6/ses-01/beh/sub-B1S3L8Q7Y6_ses-01_task-motorplay_run-05_desc-processed_beh.mp4,sub-B1S3L8Q7Y6_ses-01_task-motorplay_run-05_desc-processed_COI_bboxes.h5,0,,reach,
sub-B1S3L8Q7Y6/ses-01/beh/sub-B1S3L8Q7Y6_ses-01_task-motorplay_run-07_desc-processed_beh.mp4,sub-B1S3L8Q7Y6_ses-01_task-motorplay_run-07_desc-processed_COI_bboxes.h5,0,,,
sub-B1S3L8Q7Y6/ses-01/beh/sub-B1S3L8Q7Y6_ses-01_task-other_run-01_desc-processed_beh.mp4,sub-B1S3L8Q7Y6_ses-01_task-other_run-01_desc-processed_COI_bboxes.h5,0,,reach,
sub-B1S3L8Q7Y6/ses-01/beh/sub-B1S3L8Q7Y6_ses-01_task-other_run-03_desc-processed_beh.mp4,sub-B1S3L8Q7Y6_ses-01_task-other_run-03_desc-processed_COI_bboxes.h5,0,,reach,
sub-B1S3L8Q7Y6/ses-01/beh/sub-B1S3L8Q7Y6_ses-01_task-other_run-04_desc-processed_beh.mp4,sub-B1S3L8Q7Y6_ses-01_task-other_run-04_desc-processed_COI_bboxes.h5,0,,,
sub-B1S3L8Q7Y6/ses-01/beh/sub-B1S3L8Q7Y6_ses-01_task-other_run-06_desc-processed_beh.mp4,sub-B1S3L8Q7Y6_ses-01_task-other_run-06_desc-processed_COI_bboxes.h5,0,,,
sub-B1S3L8Q7Y6/ses-01/beh/sub-B1S3L8Q7Y6_ses-01_task-toyplay_run-01_desc-processed_beh.mp4,sub-B1S3L8Q7Y6_ses-01_task-toyplay_run-01_desc-processed_COI_bboxes.h5,0,,,
sub-B1S3L8Q7Y6/ses-01/beh/sub-B1S3L8Q7Y6_ses-01_task-toyplay_run-02_desc-processed_beh.mp4,sub-B1S3L8Q7Y6_ses-01_task-toyplay_run-02_desc-processed_COI_bboxes.h5,0,,reach,
sub-B1S3L8Q7Y6/ses-01/beh/sub-B1S3L8Q7Y6_ses-01_task-toyplay_run-05_desc-processed_beh.mp4,sub-B1S3L8Q7Y6_ses-01_task-toyplay_run-05_desc-processed_COI_bboxes.h5,0,,reach,
sub-B1S3L8Q7Y6/ses-01/beh/sub-B1S3L8Q7Y6_ses-01_task-toyplay_run-06_desc-processed_beh.mp4,sub-B1S3L8Q7Y6_ses-01_task-toyplay_run-06_desc-processed_COI_bboxes.h5,0,walk,,
sub-B1S3L8Q7Y6/ses-01/beh/sub-B1S3L8Q7Y6_ses-01_task-toyplay_run-07_desc-processed_beh.mp4,sub-B1S3L8Q7Y6_ses-01_task-toyplay_run-07_desc-processed_COI_bboxes.h5,0,,,
sub-B1S3L8Q7Y6/ses-01/beh/sub-B1S3L8Q7Y6_ses-01_task-toyplay_run-09_desc-processed_beh.mp4,sub-B1S3L8Q7Y6_ses-01_task-toyplay_run-09_desc-processed_COI_bboxes.h5,0,,reach,
sub-B1S3L8Q7Y6/ses-01/beh/sub-B1S3L8Q7Y6_ses-01_task-toyplay_run-11_desc-processed_beh.mp4,sub-B1S3L8Q7Y6_ses-01_task-toyplay_run-11_desc-processed_COI_bboxes.h5,0,,,
sub-B1S3L8Q7Y6/ses-01/beh/sub-B1S3L8Q7Y6_ses-01_task-toyplay_run-12_desc-processed_beh.mp4,sub-B1S3L8Q7Y6_ses-01_task-toyplay_run-12_desc-processed_COI_bboxes.h5,0,,reach,
sub-B2R3Q8L2Y3/ses-01/beh/sub-B2R3Q8L2Y3_ses-01_task-dailyroutine_run-01_desc-processed_beh.mp4,sub-B2R3Q8L2Y3_ses-01_task-dailyroutine_run-01_desc-processed_COI_bboxes.h5,0,,reach,
sub-B2R3Q8L2Y3/ses-01/beh/sub-B2R3Q8L2Y3_ses-01_task-generalsocialcommunicationinteraction_run-01_desc-processed_beh.mp4,sub-B2R3Q8L2Y3_ses-01_task-generalsocialcommunicationinteraction_run-01_desc-processed_COI_bboxes.h5,0,multiple,reach,
sub-B2R3Q8L2Y3/ses-01/beh/sub-B2R3Q8L2Y3_ses-01_task-generalsocialcommunicationinteraction_run-03_desc-processed_beh.mp4,sub-B2R3Q8L2Y3_ses-01_task-generalsocialcommunicationinteraction_run-03_desc-processed_COI_bboxes.h5,0,multiple,reach,
sub-B2R3Q8L2Y3/ses-01/beh/sub-B2R3Q8L2Y3_ses-01_task-generalsocialcommunicationinteraction_run-04_desc-processed_beh.mp4,sub-B2R3Q8L2Y3_ses-01_task-generalsocialcommunicationinteraction_run-04_desc-processed_COI_bboxes.h5,0,walk,,
sub-B2R3Q8L2Y3/ses-01/beh/sub-B2R3Q8L2Y3_ses-01_task-motorplay_run-01_desc-processed_beh.mp4,sub-B2R3Q8L2Y3_ses-01_task-motorplay_run-01_desc-processed_COI_bboxes.h5,0,multiple,reach,
sub-B2R3Q8L2Y3/ses-01/beh/sub-B2R3Q8L2Y3_ses-01_task-other_run-01_desc-processed_beh.mp4,sub-B2R3Q8L2Y3_ses-01_task-other_run-01_desc-processed_COI_bboxes.h5,0,,,
sub-B2R3Q8L2Y3/ses-01/beh/sub-B2R3Q8L2Y3_ses-01_task-toyplay_run-01_desc-processed_beh.mp4,sub-B2R3Q8L2Y3_ses-01_task-toyplay_run-01_desc-processed_COI_bboxes.h5,0,,,
sub-B2R3Q8L2Y3/ses-01/beh/sub-B2R3Q8L2Y3_ses-01_task-toyplay_run-02_desc-processed_beh.mp4,sub-B2R3Q8L2Y3_ses-01_task-toyplay_run-02_desc-processed_COI_bboxes.h5,0,multiple,reach,
sub-B2R3Q8L2Y3/ses-01/beh/sub-B2R3Q8L2Y3_ses-01_task-toyplay_run-03_desc-processed_beh.mp4,sub-B2R3Q8L2Y3_ses-01_task-toyplay_run-03_desc-processed_COI_bboxes.h5,0,multiple,reach,
sub-B2R3Q8L2Y3/ses-02/beh/sub-B2R3Q8L2Y3_ses-02_task-bookshare_run-01_desc-processed_beh.mp4,sub-B2R3Q8L2Y3_ses-02_task-bookshare_run-01_desc-processed_COI_bboxes.h5,0,,,
sub-B2R3Q8L2Y3/ses-02/beh/sub-B2R3Q8L2Y3_ses-02_task-generalsocialcommunicationinteraction_run-01_desc-processed_beh.mp4,sub-B2R3Q8L2Y3_ses-02_task-generalsocialcommunicationinteraction_run-01_desc-processed_COI_bboxes.h5,0,,,
sub-B2R3Q8L2Y3/ses-02/beh/sub-B2R3Q8L2Y3_ses-02_task-generalsocialcommunicationinteraction_run-02_desc-processed_beh.mp4,sub-B2R3Q8L2Y3_ses-02_task-generalsocialcommunicationinteraction_run-02_desc-processed_COI_bboxes.h5,0,walk,reach,multiple
sub-B2R3Q8L2Y3/ses-02/beh/sub-B2R3Q8L2Y3_ses-02_task-generalsocialcommunicationinteraction_run-03_desc-processed_beh.mp4,sub-B2R3Q8L2Y3_ses-02_task-generalsocialcommunicationinteraction_run-03_desc-processed_COI_bboxes.h5,0,walk,multiple,
sub-B2R3Q8L2Y3/ses-02/beh/sub-B2R3Q8L2Y3_ses-02_task-generalsocialcommunicationinteraction_run-04_desc-processed_beh.mp4,sub-B2R3Q8L2Y3_ses-02_task-generalsocialcommunicationinteraction_run-04_desc-processed_COI_bboxes.h5,0,,,
sub-B2R3Q8L2Y3/ses-02/beh/sub-B2R3Q8L2Y3_ses-02_task-motorplay_run-01_desc-processed_beh.mp4,sub-B2R3Q8L2Y3_ses-02_task-motorplay_run-01_desc-processed_COI_bboxes.h5,0,,reach,
sub-B2R3Q8L2Y3/ses-02/beh/sub-B2R3Q8L2Y3_ses-02_task-other_run-01_desc-processed_beh.mp4,sub-B2R3Q8L2Y3_ses-02_task-other_run-01_desc-processed_COI_bboxes.h5,0,,,
sub-B2R3Q8L2Y3/ses-02/beh/sub-B2R3Q8L2Y3_ses-02_task-toyplay_run-01_desc-processed_beh.mp4,sub-B2R3Q8L2Y3_ses-02_task-toyplay_run-01_desc-processed_COI_bboxes.h5,0,,reach,
sub-B4Q3G8H2N3/ses-01/beh/sub-B4Q3G8H2N3 2_ses-01_task-unknown_run-03_desc-processed_beh.mp4,sub-B4Q3G8H2N3 2_ses-01_task-unknown_run-03_desc-processed_COI_bboxes.h5,0,,,
sub-B4Q3G8H2N3/ses-01/beh/sub-B4Q3G8H2N3 2_ses-01_task-unknown_run-04_desc-processed_beh.mp4,sub-B4Q3G8H2N3 2_ses-01_task-unknown_run-04_desc-processed_COI_bboxes.h5,0,walk,multiple,
sub-B4Q3G8H2N3/ses-01/beh/sub-B4Q3G8H2N3 2_ses-01_task-unknown_run-05_desc-processed_beh.mp4,sub-B4Q3G8H2N3 2_ses-01_task-unknown_run-05_desc-processed_COI_bboxes.h5,0,,reach,
sub-B4Q3G8H2N3/ses-01/beh/sub-B4Q3G8H2N3 2_ses-01_task-unknown_run-07_desc-processed_beh.mp4,sub-B4Q3G8H2N3 2_ses-01_task-unknown_run-07_desc-processed_COI_bboxes.h5,0,,,
sub-B4Q3G8H2N3/ses-01/beh/sub-B4Q3G8H2N3 2_ses-01_task-unknown_run-09_desc-processed_beh.mp4,sub-B4Q3G8H2N3 2_ses-01_task-unknown_run-09_desc-processed_COI_bboxes.h5,0,,,
sub-B4Q3G8H2N3/ses-01/beh/sub-B4Q3G8H2N3 2_ses-01_task-unknown_run-10_desc-processed_beh.mp4,sub-B4Q3G8H2N3 2_ses-01_task-unknown_run-10_desc-processed_COI_bboxes.h5,0,walk,clap,
sub-B4Q3G8H2N3/ses-01/beh/sub-B4Q3G8H2N3 2_ses-01_task-unknown_run-11_desc-processed_beh.mp4,sub-B4Q3G8H2N3 2_ses-01_task-unknown_run-11_desc-processed_COI_bboxes.h5,0,,reach,
sub-B4Q3G8H2N3/ses-01/beh/sub-B4Q3G8H2N3 2_ses-01_task-unknown_run-16_desc-processed_beh.mp4,sub-B4Q3G8H2N3 2_ses-01_task-unknown_run-16_desc-processed_COI_bboxes.h5,0,,,
sub-B4Q3G8H2N3/ses-01/beh/sub-B4Q3G8H2N3_ses-01_task-bookshare_run-01_desc-processed_beh.mp4,sub-B4Q3G8H2N3_ses-01_task-bookshare_run-01_desc-processed_COI_bboxes.h5,0,,point,
sub-B4Q3G8H2N3/ses-01/beh/sub-B4Q3G8H2N3_ses-01_task-dailyroutine_run-01_desc-processed_beh.mp4,sub-B4Q3G8H2N3_ses-01_task-dailyroutine_run-01_desc-processed_COI_bboxes.h5,0,,,
sub-B4Q3G8H2N3/ses-01/beh/sub-B4Q3G8H2N3_ses-01_task-generalsocialcommunicationinteraction_run-01_desc-processed_beh.mp4,sub-B4Q3G8H2N3_ses-01_task-generalsocialcommunicationinteraction_run-01_desc-processed_COI_bboxes.h5,0,walk,reach,
sub-B4Q3G8H2N3/ses-01/beh/sub-B4Q3G8H2N3_ses-01_task-generalsocialcommunicationinteraction_run-06_desc-processed_beh.mp4,sub-B4Q3G8H2N3_ses-01_task-generalsocialcommunicationinteraction_run-06_desc-processed_COI_bboxes.h5,0,walk,multiple,hands flapping
sub-B4Q3G8H2N3/ses-01/beh/sub-B4Q3G8H2N3_ses-01_task-other_run-01_desc-processed_beh.mp4,sub-B4Q3G8H2N3_ses-01_task-other_run-01_desc-processed_COI_bboxes.h5,0,walk,point,
sub-B4Q3G8H2N3/ses-01/beh/sub-B4Q3G8H2N3_ses-01_task-other_run-02_desc-processed_beh.mp4,sub-B4Q3G8H2N3_ses-01_task-other_run-02_desc-processed_COI_bboxes.h5,0,,give,
sub-B4Q3G8H2N3/ses-02/beh/sub-B4Q3G8H2N3_ses-02_task-bookshare_run-01_desc-processed_beh.mp4,sub-B4Q3G8H2N3_ses-02_task-bookshare_run-01_desc-processed_COI_bboxes.h5,0,,,
sub-B4Q3G8H2N3/ses-02/beh/sub-B4Q3G8H2N3_ses-02_task-bookshare_run-02_desc-processed_beh.mp4,sub-B4Q3G8H2N3_ses-02_task-bookshare_run-02_desc-processed_COI_bboxes.h5,0,,,
sub-B4Q3G8H2N3/ses-02/beh/sub-B4Q3G8H2N3_ses-02_task-generalsocialcommunicationinteraction_run-03_desc-processed_beh.mp4,sub-B4Q3G8H2N3_ses-02_task-generalsocialcommunicationinteraction_run-03_desc-processed_COI_bboxes.h5,0,,,
sub-B4Q3G8H2N3/ses-02/beh/sub-B4Q3G8H2N3_ses-02_task-generalsocialcommunicationinteraction_run-08_desc-processed_beh.mp4,sub-B4Q3G8H2N3_ses-02_task-generalsocialcommunicationinteraction_run-08_desc-processed_COI_bboxes.h5,0,,multiple,
sub-B8I6G9P2G8/ses-02/beh/sub-B8I6G9P2G8_ses-02_task-dailyroutine_run-02_desc-processed_beh.mp4,sub-B8I6G9P2G8_ses-02_task-dailyroutine_run-02_desc-processed_COI_bboxes.h5,0,,show,
sub-B8I6G9P2G8/ses-02/beh/sub-B8I6G9P2G8_ses-02_task-generalsocialcommunicationinteraction_run-01_desc-processed_beh.mp4,sub-B8I6G9P2G8_ses-02_task-generalsocialcommunicationinteraction_run-01_desc-processed_COI_bboxes.h5,0,,,
sub-B8I6G9P2G8/ses-02/beh/sub-B8I6G9P2G8_ses-02_task-generalsocialcommunicationinteraction_run-03_desc-processed_beh.mp4,sub-B8I6G9P2G8_ses-02_task-generalsocialcommunicationinteraction_run-03_desc-processed_COI_bboxes.h5,0,,multiple,
sub-B8I6G9P2G8/ses-02/beh/sub-B8I6G9P2G8_ses-02_task-generalsocialcommunicationinteraction_run-04_desc-processed_beh.mp4,sub-B8I6G9P2G8_ses-02_task-generalsocialcommunicationinteraction_run-04_desc-processed_COI_bboxes.h5,0,,other,
sub-B8I6G9P2G8/ses-02/beh/sub-B8I6G9P2G8_ses-02_task-generalsocialcommunicationinteraction_run-06_desc-processed_beh.mp4,sub-B8I6G9P2G8_ses-02_task-generalsocialcommunicationinteraction_run-06_desc-processed_COI_bboxes.h5,0,,show,
sub-B8I6G9P2G8/ses-02/beh/sub-B8I6G9P2G8_ses-02_task-generalsocialcommunicationinteraction_run-08_desc-processed_beh.mp4,sub-B8I6G9P2G8_ses-02_task-generalsocialcommunicationinteraction_run-08_desc-processed_COI_bboxes.h5,0,,other,
sub-B8I6G9P2G8/ses-02/beh/sub-B8I6G9P2G8_ses-02_task-generalsocialcommunicationinteraction_run-09_desc-processed_beh.mp4,sub-B8I6G9P2G8_ses-02_task-generalsocialcommunicationinteraction_run-09_desc-processed_COI_bboxes.h5,0,,,
sub-B8I6G9P2G8/ses-02/beh/sub-B8I6G9P2G8_ses-02_task-motorplay_run-01_desc-processed_beh.mp4,sub-B8I6G9P2G8_ses-02_task-motorplay_run-01_desc-processed_COI_bboxes.h5,0,run,,
sub-B8I6G9P2G8/ses-02/beh/sub-B8I6G9P2G8_ses-02_task-motorplay_run-04_desc-processed_beh.mp4,sub-B8I6G9P2G8_ses-02_task-motorplay_run-04_desc-processed_COI_bboxes.h5,0,,,
sub-B8I6G9P2G8/ses-02/beh/sub-B8I6G9P2G8_ses-02_task-motorplay_run-08_desc-processed_beh.mp4,sub-B8I6G9P2G8_ses-02_task-motorplay_run-08_desc-processed_COI_bboxes.h5,0,walk,show,
sub-B8I6G9P2G8/ses-02/beh/sub-B8I6G9P2G8_ses-02_task-motorplay_run-09_desc-processed_beh.mp4,sub-B8I6G9P2G8_ses-02_task-motorplay_run-09_desc-processed_COI_bboxes.h5,0,,reach,
sub-B8I6G9P2G8/ses-02/beh/sub-B8I6G9P2G8_ses-02_task-other_run-01_desc-processed_beh.mp4,sub-B8I6G9P2G8_ses-02_task-other_run-01_desc-processed_COI_bboxes.h5,0,,point,
sub-B8I6G9P2G8/ses-02/beh/sub-B8I6G9P2G8_ses-02_task-other_run-06_desc-processed_beh.mp4,sub-B8I6G9P2G8_ses-02_task-other_run-06_desc-processed_COI_bboxes.h5,0,,,
sub-B8I6G9P2G8/ses-02/beh/sub-B8I6G9P2G8_ses-02_task-socialroutine_run-01_desc-processed_beh.mp4,sub-B8I6G9P2G8_ses-02_task-socialroutine_run-01_desc-processed_COI_bboxes.h5,0,,other,
sub-B9P5V1I5O5/ses-01/beh/sub-B9P5V1I5O5_ses-01_task-dailyroutine_run-01_desc-processed_beh.mp4,sub-B9P5V1I5O5_ses-01_task-dailyroutine_run-01_desc-processed_COI_bboxes.h5,0,,reach,
sub-B9P5V1I5O5/ses-01/beh/sub-B9P5V1I5O5_ses-01_task-dailyroutine_run-02_desc-processed_beh.mp4,sub-B9P5V1I5O5_ses-01_task-dailyroutine_run-02_desc-processed_COI_bboxes.h5,0,,,
sub-B9P5V1I5O5/ses-01/beh/sub-B9P5V1I5O5_ses-01_task-generalsocialcommunicationinteraction_run-01_desc-processed_beh.mp4,sub-B9P5V1I5O5_ses-01_task-generalsocialcommunicationinteraction_run-01_desc-processed_COI_bboxes.h5,0,crawl,reach,
sub-B9P5V1I5O5/ses-01/beh/sub-B9P5V1I5O5_ses-01_task-motorplay_run-02_desc-processed_beh.mp4,sub-B9P5V1I5O5_ses-01_task-motorplay_run-02_desc-processed_COI_bboxes.h5,0,multiple,reach,
sub-B9P5V1I5O5/ses-01/beh/sub-B9P5V1I5O5_ses-01_task-motorplay_run-04_desc-processed_beh.mp4,sub-B9P5V1I5O5_ses-01_task-motorplay_run-04_desc-processed_COI_bboxes.h5,0,,,
sub-B9P5V1I5O5/ses-01/beh/sub-B9P5V1I5O5_ses-01_task-socialroutine_run-01_desc-processed_beh.mp4,sub-B9P5V1I5O5_ses-01_task-socialroutine_run-01_desc-processed_COI_bboxes.h5,0,,,
sub-B9P5V1I5O5/ses-01/beh/sub-B9P5V1I5O5_ses-01_task-toyplay_run-03_desc-processed_beh.mp4,sub-B9P5V1I5O5_ses-01_task-toyplay_run-03_desc-processed_COI_bboxes.h5,0,,multiple,
sub-B9P5V1I5O5/ses-01/beh/sub-B9P5V1I5O5_ses-01_task-toyplay_run-06_desc-processed_beh.mp4,sub-B9P5V1I5O5_ses-01_task-toyplay_run-06_desc-processed_COI_bboxes.h5,0,,,
sub-B9P5V1I5O5/ses-02/beh/sub-B9P5V1I5O5_ses-02_task-dailyroutine_run-01_desc-processed_beh.mp4,sub-B9P5V1I5O5_ses-02_task-dailyroutine_run-01_desc-processed_COI_bboxes.h5,0,,,
sub-B9P5V1I5O5/ses-02/beh/sub-B9P5V1I5O5_ses-02_task-dailyroutine_run-02_desc-processed_beh.mp4,sub-B9P5V1I5O5_ses-02_task-dailyroutine_run-02_desc-processed_COI_bboxes.h5,0,,,
sub-B9P5V1I5O5/ses-02/beh/sub-B9P5V1I5O5_ses-02_task-dailyroutine_run-03_desc-processed_beh.mp4,sub-B9P5V1I5O5_ses-02_task-dailyroutine_run-03_desc-processed_COI_bboxes.h5,0,,,
sub-B9P5V1I5O5/ses-02/beh/sub-B9P5V1I5O5_ses-02_task-motorplay_run-02_desc-processed_beh.mp4,sub-B9P5V1I5O5_ses-02_task-motorplay_run-02_desc-processed_COI_bboxes.h5,0,,,
sub-B9P5V1I5O5/ses-02/beh/sub-B9P5V1I5O5_ses-02_task-motorplay_run-03_desc-processed_beh.mp4,sub-B9P5V1I5O5_ses-02_task-motorplay_run-03_desc-processed_COI_bboxes.h5,0,multiple,,
sub-B9P5V1I5O5/ses-02/beh/sub-B9P5V1I5O5_ses-02_task-other_run-01_desc-processed_beh.mp4,sub-B9P5V1I5O5_ses-02_task-other_run-01_desc-processed_COI_bboxes.h5,0,,reach,
sub-B9P5V1I5O5/ses-02/beh/sub-B9P5V1I5O5_ses-02_task-toyplay_run-01_desc-processed_beh.mp4,sub-B9P5V1I5O5_ses-02_task-toyplay_run-01_desc-processed_COI_bboxes.h5,0,,point,
sub-C0O6X3N5Y7/ses-01/beh/sub-C0O6X3N5Y7_ses-01_task-bookshare_run-01_desc-processed_beh.mp4,sub-C0O6X3N5Y7_ses-01_task-bookshare_run-01_desc-processed_COI_bboxes.h5,0,,,
sub-C0O6X3N5Y7/ses-01/beh/sub-C0O6X3N5Y7_ses-01_task-dailyroutine_run-01_desc-processed_beh.mp4,sub-C0O6X3N5Y7_ses-01_task-dailyroutine_run-01_desc-processed_COI_bboxes.h5,0,,,
sub-C0O6X3N5Y7/ses-01/beh/sub-C0O6X3N5Y7_ses-01_task-dailyroutine_run-02_desc-processed_beh.mp4,sub-C0O6X3N5Y7_ses-01_task-dailyroutine_run-02_desc-processed_COI_bboxes.h5,0,,,
sub-C0O6X3N5Y7/ses-01/beh/sub-C0O6X3N5Y7_ses-01_task-generalsocialcommunicationinteraction_run-03_desc-processed_beh.mp4,sub-C0O6X3N5Y7_ses-01_task-generalsocialcommunicationinteraction_run-03_desc-processed_COI_bboxes.h5,0,,,
sub-C0O6X3N5Y7/ses-01/beh/sub-C0O6X3N5Y7_ses-01_task-generalsocialcommunicationinteraction_run-05_desc-processed_beh.mp4,sub-C0O6X3N5Y7_ses-01_task-generalsocialcommunicationinteraction_run-05_desc-processed_COI_bboxes.h5,0,,,
sub-C0O6X3N5Y7/ses-01/beh/sub-C0O6X3N5Y7_ses-01_task-generalsocialcommunicationinteraction_run-13_desc-processed_beh.mp4,sub-C0O6X3N5Y7_ses-01_task-generalsocialcommunicationinteraction_run-13_desc-processed_COI_bboxes.h5,0,,wave,
sub-C0O6X3N5Y7/ses-01/beh/sub-C0O6X3N5Y7_ses-01_task-generalsocialcommunicationinteraction_run-14_desc-processed_beh.mp4,sub-C0O6X3N5Y7_ses-01_task-generalsocialcommunicationinteraction_run-14_desc-processed_COI_bboxes.h5,0,,reach,
sub-C0O6X3N5Y7/ses-01/beh/sub-C0O6X3N5Y7_ses-01_task-socialroutine_run-01_desc-processed_beh.mp4,sub-C0O6X3N5Y7_ses-01_task-socialroutine_run-01_desc-processed_COI_bboxes.h5,0,,reach,
sub-C0O6X3N5Y7/ses-01/beh/sub-C0O6X3N5Y7_ses-01_task-socialroutine_run-02_desc-processed_beh.mp4,sub-C0O6X3N5Y7_ses-01_task-socialroutine_run-02_desc-processed_COI_bboxes.h5,0,,reach,
sub-C0O6X3N5Y7/ses-01/beh/sub-C0O6X3N5Y7_ses-01_task-socialroutine_run-03_desc-processed_beh.mp4,sub-C0O6X3N5Y7_ses-01_task-socialroutine_run-03_desc-processed_COI_bboxes.h5,0,,multiple,
sub-C0O6X3N5Y7/ses-01/beh/sub-C0O6X3N5Y7_ses-01_task-socialroutine_run-04_desc-processed_beh.mp4,sub-C0O6X3N5Y7_ses-01_task-socialroutine_run-04_desc-processed_COI_bboxes.h5,0,,reach,
sub-C0O6X3N5Y7/ses-01/beh/sub-C0O6X3N5Y7_ses-01_task-toyplay_run-01_desc-processed_beh.mp4,sub-C0O6X3N5Y7_ses-01_task-toyplay_run-01_desc-processed_COI_bboxes.h5,0,,,
sub-C0O6X3N5Y7/ses-01/beh/sub-C0O6X3N5Y7_ses-01_task-toyplay_run-03_desc-processed_beh.mp4,sub-C0O6X3N5Y7_ses-01_task-toyplay_run-03_desc-processed_COI_bboxes.h5,0,,reach,
sub-C0O6X3N5Y7/ses-01/beh/sub-C0O6X3N5Y7_ses-01_task-toyplay_run-04_desc-processed_beh.mp4,sub-C0O6X3N5Y7_ses-01_task-toyplay_run-04_desc-processed_COI_bboxes.h5,0,,reach,
sub-C0O6X3N5Y7/ses-01/beh/sub-C0O6X3N5Y7_ses-01_task-toyplay_run-12_desc-processed_beh.mp4,sub-C0O6X3N5Y7_ses-01_task-toyplay_run-12_desc-processed_COI_bboxes.h5,0,,,
sub-C0O6X3N5Y7/ses-01/beh/sub-C0O6X3N5Y7_ses-01_task-toyplay_run-15_desc-processed_beh.mp4,sub-C0O6X3N5Y7_ses-01_task-toyplay_run-15_desc-processed_COI_bboxes.h5,0,,,
sub-C0O6X3N5Y7/ses-02/beh/sub-C0O6X3N5Y7_ses-02_task-dailyroutine_run-01_desc-processed_beh.mp4,sub-C0O6X3N5Y7_ses-02_task-dailyroutine_run-01_desc-processed_COI_bboxes.h5,0,,head shake,
sub-C0O6X3N5Y7/ses-02/beh/sub-C0O6X3N5Y7_ses-02_task-generalsocialcommunicationinteraction_run-03_desc-processed_beh.mp4,sub-C0O6X3N5Y7_ses-02_task-generalsocialcommunicationinteraction_run-03_desc-processed_COI_bboxes.h5,0,,,
sub-C0O6X3N5Y7/ses-02/beh/sub-C0O6X3N5Y7_ses-02_task-generalsocialcommunicationinteraction_run-06_desc-processed_beh.mp4,sub-C0O6X3N5Y7_ses-02_task-generalsocialcommunicationinteraction_run-06_desc-processed_COI_bboxes.h5,0,,,
sub-C0O6X3N5Y7/ses-02/beh/sub-C0O6X3N5Y7_ses-02_task-generalsocialcommunicationinteraction_run-08_desc-processed_beh.mp4,sub-C0O6X3N5Y7_ses-02_task-generalsocialcommunicationinteraction_run-08_desc-processed_COI_bboxes.h5,0,,reach,
sub-C0O6X3N5Y7/ses-02/beh/sub-C0O6X3N5Y7_ses-02_task-generalsocialcommunicationinteraction_run-10_desc-processed_beh.mp4,sub-C0O6X3N5Y7_ses-02_task-generalsocialcommunicationinteraction_run-10_desc-processed_COI_bboxes.h5,0,,,
sub-C0O6X3N5Y7/ses-02/beh/sub-C0O6X3N5Y7_ses-02_task-generalsocialcommunicationinteraction_run-11_desc-processed_beh.mp4,sub-C0O6X3N5Y7_ses-02_task-generalsocialcommunicationinteraction_run-11_desc-processed_COI_bboxes.h5,0,,,
sub-C0O6X3N5Y7/ses-02/beh/sub-C0O6X3N5Y7_ses-02_task-motorplay_run-02_desc-processed_beh.mp4,sub-C0O6X3N5Y7_ses-02_task-motorplay_run-02_desc-processed_COI_bboxes.h5,0,,,
sub-C0O6X3N5Y7/ses-02/beh/sub-C0O6X3N5Y7_ses-02_task-motorplay_run-03_desc-processed_beh.mp4,sub-C0O6X3N5Y7_ses-02_task-motorplay_run-03_desc-processed_COI_bboxes.h5,0,walk,,
sub-C1G1X2G4C6/ses-01/beh/sub-C1G1X2G4C6_ses-01_task-motorplay_run-01_desc-processed_beh.mp4,sub-C1G1X2G4C6_ses-01_task-motorplay_run-01_desc-processed_COI_bboxes.h5,0,multiple,,
sub-C1G1X2G4C6/ses-01/beh/sub-C1G1X2G4C6_ses-01_task-socialroutine_run-01_desc-processed_beh.mp4,sub-C1G1X2G4C6_ses-01_task-socialroutine_run-01_desc-processed_COI_bboxes.h5,0,,,
sub-C1G1X2G4C6/ses-01/beh/sub-C1G1X2G4C6_ses-01_task-toyplay_run-02_desc-processed_beh.mp4,sub-C1G1X2G4C6_ses-01_task-toyplay_run-02_desc-processed_COI_bboxes.h5,0,,,hands flapping
sub-C1G1X2G4C6/ses-01/beh/sub-C1G1X2G4C6_ses-01_task-toyplay_run-05_desc-processed_beh.mp4,sub-C1G1X2G4C6_ses-01_task-toyplay_run-05_desc-processed_COI_bboxes.h5,0,,,hands flapping
sub-C1G1X2G4C6/ses-02/beh/sub-C1G1X2G4C6_ses-02_task-generalsocialcommunicationinteraction_run-01_desc-processed_beh.mp4,sub-C1G1X2G4C6_ses-02_task-generalsocialcommunicationinteraction_run-01_desc-processed_COI_bboxes.h5,0,,,
sub-C1G1X2G4C6/ses-02/beh/sub-C1G1X2G4C6_ses-02_task-other_run-01_desc-processed_beh.mp4,sub-C1G1X2G4C6_ses-02_task-other_run-01_desc-processed_COI_bboxes.h5,0,,,
sub-C1G1X2G4C6/ses-02/beh/sub-C1G1X2G4C6_ses-02_task-other_run-02_desc-processed_beh.mp4,sub-C1G1X2G4C6_ses-02_task-other_run-02_desc-processed_COI_bboxes.h5,0,,,
sub-C1G1X2G4C6/ses-02/beh/sub-C1G1X2G4C6_ses-02_task-specialoccasion_run-01_desc-processed_beh.mp4,sub-C1G1X2G4C6_ses-02_task-specialoccasion_run-01_desc-processed_COI_bboxes.h5,0,,,
sub-C1G1X2G4C6/ses-02/beh/sub-C1G1X2G4C6_ses-02_task-toyplay_run-01_desc-processed_beh.mp4,sub-C1G1X2G4C6_ses-02_task-toyplay_run-01_desc-processed_COI_bboxes.h5,0,,,
sub-C1G1X2G4C6/ses-02/beh/sub-C1G1X2G4C6_ses-02_task-toyplay_run-02_desc-processed_beh.mp4,sub-C1G1X2G4C6_ses-02_task-toyplay_run-02_desc-processed_COI_bboxes.h5,0,,,
sub-C1G1X2G4C6/ses-02/beh/sub-C1G1X2G4C6_ses-02_task-toyplay_run-04_desc-processed_beh.mp4,sub-C1G1X2G4C6_ses-02_task-toyplay_run-04_desc-processed_COI_bboxes.h5,0,,clap,
sub-C1G1X2G4C6/ses-02/beh/sub-C1G1X2G4C6_ses-02_task-toyplay_run-06_desc-processed_beh.mp4,sub-C1G1X2G4C6_ses-02_task-toyplay_run-06_desc-processed_COI_bboxes.h5,0,,,
sub-C1I8N8L4Q4/ses-01/beh/sub-C1I8N8L4Q4_ses-01_task-generalsocialcommunicationinteraction_run-01_desc-processed_beh.mp4,sub-C1I8N8L4Q4_ses-01_task-generalsocialcommunicationinteraction_run-01_desc-processed_COI_bboxes.h5,0,,reach,
sub-C1I8N8L4Q4/ses-01/beh/sub-C1I8N8L4Q4_ses-01_task-generalsocialcommunicationinteraction_run-03_desc-processed_beh.mp4,sub-C1I8N8L4Q4_ses-01_task-generalsocialcommunicationinteraction_run-03_desc-processed_COI_bboxes.h5,0,,point,
sub-C1I8N8L4Q4/ses-01/beh/sub-C1I8N8L4Q4_ses-01_task-toyplay_run-01_desc-processed_beh.mp4,sub-C1I8N8L4Q4_ses-01_task-toyplay_run-01_desc-processed_COI_bboxes.h5,0,,,
sub-C1I8N8L4Q4/ses-02/beh/sub-C1I8N8L4Q4_ses-02_task-generalsocialcommunicationinteraction_run-02_desc-processed_beh.mp4,sub-C1I8N8L4Q4_ses-02_task-generalsocialcommunicationinteraction_run-02_desc-processed_COI_bboxes.h5,0,,,
sub-C1I8N8L4Q4/ses-02/beh/sub-C1I8N8L4Q4_ses-02_task-generalsocialcommunicationinteraction_run-03_desc-processed_beh.mp4,sub-C1I8N8L4Q4_ses-02_task-generalsocialcommunicationinteraction_run-03_desc-processed_COI_bboxes.h5,0,,,
sub-C1I8N8L4Q4/ses-02/beh/sub-C1I8N8L4Q4_ses-02_task-generalsocialcommunicationinteraction_run-04_desc-processed_beh.mp4,sub-C1I8N8L4Q4_ses-02_task-generalsocialcommunicationinteraction_run-04_desc-processed_COI_bboxes.h5,0,,reach,
sub-C1I8N8L4Q4/ses-02/beh/sub-C1I8N8L4Q4_ses-02_task-generalsocialcommunicationinteraction_run-07_desc-processed_beh.mp4,sub-C1I8N8L4Q4_ses-02_task-generalsocialcommunicationinteraction_run-07_desc-processed_COI_bboxes.h5,0,,,
sub-C4C7T6W2I0/ses-02/beh/sub-C4C7T6W2I0_ses-02_task-socialroutine_run-01_desc-processed_beh.mp4,sub-C4C7T6W2I0_ses-02_task-socialroutine_run-01_desc-processed_COI_bboxes.h5,0,,reach,
sub-C5U1P3X9F0/ses-01/beh/sub-C5U1P3X9F0_ses-01_task-bookshare_run-01_desc-processed_beh.mp4,sub-C5U1P3X9F0_ses-01_task-bookshare_run-01_desc-processed_COI_bboxes.h5,0,,reach,
sub-C5U1P3X9F0/ses-01/beh/sub-C5U1P3X9F0_ses-01_task-bookshare_run-02_desc-processed_beh.mp4,sub-C5U1P3X9F0_ses-01_task-bookshare_run-02_desc-processed_COI_bboxes.h5,0,,,
sub-C5U1P3X9F0/ses-01/beh/sub-C5U1P3X9F0_ses-01_task-dailyroutine_run-01_desc-processed_beh.mp4,sub-C5U1P3X9F0_ses-01_task-dailyroutine_run-01_desc-processed_COI_bboxes.h5,0,,reach,
sub-C5U1P3X9F0/ses-01/beh/sub-C5U1P3X9F0_ses-01_task-dailyroutine_run-02_desc-processed_beh.mp4,sub-C5U1P3X9F0_ses-01_task-dailyroutine_run-02_desc-processed_COI_bboxes.h5,0,,,
sub-C5U1P3X9F0/ses-01/beh/sub-C5U1P3X9F0_ses-01_task-dailyroutine_run-03_desc-processed_beh.mp4,sub-C5U1P3X9F0_ses-01_task-dailyroutine_run-03_desc-processed_COI_bboxes.h5,0,,,
sub-C5U1P3X9F0/ses-01/beh/sub-C5U1P3X9F0_ses-01_task-generalsocialcommunicationinteraction_run-01_desc-processed_beh.mp4,sub-C5U1P3X9F0_ses-01_task-generalsocialcommunicationinteraction_run-01_desc-processed_COI_bboxes.h5,0,walk,,
sub-C5U1P3X9F0/ses-01/beh/sub-C5U1P3X9F0_ses-01_task-generalsocialcommunicationinteraction_run-02_desc-processed_beh.mp4,sub-C5U1P3X9F0_ses-01_task-generalsocialcommunicationinteraction_run-02_desc-processed_COI_bboxes.h5,0,,reach,
sub-C5U1P3X9F0/ses-01/beh/sub-C5U1P3X9F0_ses-01_task-generalsocialcommunicationinteraction_run-03_desc-processed_beh.mp4,sub-C5U1P3X9F0_ses-01_task-generalsocialcommunicationinteraction_run-03_desc-processed_COI_bboxes.h5,0,,take,
sub-C5U1P3X9F0/ses-01/beh/sub-C5U1P3X9F0_ses-01_task-generalsocialcommunicationinteraction_run-05_desc-processed_beh.mp4,sub-C5U1P3X9F0_ses-01_task-generalsocialcommunicationinteraction_run-05_desc-processed_COI_bboxes.h5,0,walk,,
sub-C5U1P3X9F0/ses-01/beh/sub-C5U1P3X9F0_ses-01_task-generalsocialcommunicationinteraction_run-06_desc-processed_beh.mp4,sub-C5U1P3X9F0_ses-01_task-generalsocialcommunicationinteraction_run-06_desc-processed_COI_bboxes.h5,0,,reach,
sub-C5U1P3X9F0/ses-01/beh/sub-C5U1P3X9F0_ses-01_task-generalsocialcommunicationinteraction_run-07_desc-processed_beh.mp4,sub-C5U1P3X9F0_ses-01_task-generalsocialcommunicationinteraction_run-07_desc-processed_COI_bboxes.h5,0,walk,,
sub-C5U1P3X9F0/ses-01/beh/sub-C5U1P3X9F0_ses-01_task-motorplay_run-01_desc-processed_beh.mp4,sub-C5U1P3X9F0_ses-01_task-motorplay_run-01_desc-processed_COI_bboxes.h5,0,walk,,
sub-C5U1P3X9F0/ses-01/beh/sub-C5U1P3X9F0_ses-01_task-motorplay_run-04_desc-processed_beh.mp4,sub-C5U1P3X9F0_ses-01_task-motorplay_run-04_desc-processed_COI_bboxes.h5,0,,,
sub-C5U1P3X9F0/ses-01/beh/sub-C5U1P3X9F0_ses-01_task-other_run-01_desc-processed_beh.mp4,sub-C5U1P3X9F0_ses-01_task-other_run-01_desc-processed_COI_bboxes.h5,0,,multiple,
sub-C5U1P3X9F0/ses-01/beh/sub-C5U1P3X9F0_ses-01_task-other_run-02_desc-processed_beh.mp4,sub-C5U1P3X9F0_ses-01_task-other_run-02_desc-processed_COI_bboxes.h5,0,,reach,
sub-C5U1P3X9F0/ses-01/beh/sub-C5U1P3X9F0_ses-01_task-other_run-03_desc-processed_beh.mp4,sub-C5U1P3X9F0_ses-01_task-other_run-03_desc-processed_COI_bboxes.h5,0,,,
sub-C5U1P3X9F0/ses-01/beh/sub-C5U1P3X9F0_ses-01_task-other_run-04_desc-processed_beh.mp4,sub-C5U1P3X9F0_ses-01_task-other_run-04_desc-processed_COI_bboxes.h5,0,cruise,,
sub-C5U1P3X9F0/ses-01/beh/sub-C5U1P3X9F0_ses-01_task-toyplay_run-02_desc-processed_beh.mp4,sub-C5U1P3X9F0_ses-01_task-toyplay_run-02_desc-processed_COI_bboxes.h5,0,,take,
sub-C5U1P3X9F0/ses-01/beh/sub-C5U1P3X9F0_ses-01_task-toyplay_run-05_desc-processed_beh.mp4,sub-C5U1P3X9F0_ses-01_task-toyplay_run-05_desc-processed_COI_bboxes.h5,0,,reach,
sub-C5U1P3X9F0/ses-01/beh/sub-C5U1P3X9F0_ses-01_task-toyplay_run-06_desc-processed_beh.mp4,sub-C5U1P3X9F0_ses-01_task-toyplay_run-06_desc-processed_COI_bboxes.h5,0,,,
sub-C5U1P3X9F0/ses-01/beh/sub-C5U1P3X9F0_ses-01_task-toyplay_run-09_desc-processed_beh.mp4,sub-C5U1P3X9F0_ses-01_task-toyplay_run-09_desc-processed_COI_bboxes.h5,0,,reach,
sub-C5U1P3X9F0/ses-01/beh/sub-C5U1P3X9F0_ses-01_task-toyplay_run-10_desc-processed_beh.mp4,sub-C5U1P3X9F0_ses-01_task-toyplay_run-10_desc-processed_COI_bboxes.h5,0,,reach,
sub-C5U1P3X9F0/ses-01/beh/sub-C5U1P3X9F0_ses-01_task-toyplay_run-11_desc-processed_beh.mp4,sub-C5U1P3X9F0_ses-01_task-toyplay_run-11_desc-processed_COI_bboxes.h5,0,,multiple,
sub-C5U1P3X9F0/ses-01/beh/sub-C5U1P3X9F0_ses-01_task-toyplay_run-12_desc-processed_beh.mp4,sub-C5U1P3X9F0_ses-01_task-toyplay_run-12_desc-processed_COI_bboxes.h5,0,,,
sub-C5U1P3X9F0/ses-02/beh/sub-C5U1P3X9F0_ses-02_task-dailyroutine_run-01_desc-processed_beh.mp4,sub-C5U1P3X9F0_ses-02_task-dailyroutine_run-01_desc-processed_COI_bboxes.h5,0,,,
sub-C5U1P3X9F0/ses-02/beh/sub-C5U1P3X9F0_ses-02_task-generalsocialcommunicationinteraction_run-02_desc-processed_beh.mp4,sub-C5U1P3X9F0_ses-02_task-generalsocialcommunicationinteraction_run-02_desc-processed_COI_bboxes.h5,0,,,
sub-C5U1P3X9F0/ses-02/beh/sub-C5U1P3X9F0_ses-02_task-generalsocialcommunicationinteraction_run-03_desc-processed_beh.mp4,sub-C5U1P3X9F0_ses-02_task-generalsocialcommunicationinteraction_run-03_desc-processed_COI_bboxes.h5,0,,,
sub-C5U1P3X9F0/ses-02/beh/sub-C5U1P3X9F0_ses-02_task-motorplay_run-01_desc-processed_beh.mp4,sub-C5U1P3X9F0_ses-02_task-motorplay_run-01_desc-processed_COI_bboxes.h5,0,vehicle,,
sub-C5U1P3X9F0/ses-02/beh/sub-C5U1P3X9F0_ses-02_task-other_run-03_desc-processed_beh.mp4,sub-C5U1P3X9F0_ses-02_task-other_run-03_desc-processed_COI_bboxes.h5,0,,,
sub-C5Z9H8S3N8/ses-02/beh/sub-C5Z9H8S3N8_ses-02_task-generalsocialcommunicationinteraction_run-01_desc-processed_beh.mp4,sub-C5Z9H8S3N8_ses-02_task-generalsocialcommunicationinteraction_run-01_desc-processed_COI_bboxes.h5,0,,,
sub-C5Z9H8S3N8/ses-02/beh/sub-C5Z9H8S3N8_ses-02_task-generalsocialcommunicationinteraction_run-04_desc-processed_beh.mp4,sub-C5Z9H8S3N8_ses-02_task-generalsocialcommunicationinteraction_run-04_desc-processed_COI_bboxes.h5,0,,,
sub-C5Z9H8S3N8/ses-02/beh/sub-C5Z9H8S3N8_ses-02_task-generalsocialcommunicationinteraction_run-05_desc-processed_beh.mp4,sub-C5Z9H8S3N8_ses-02_task-generalsocialcommunicationinteraction_run-05_desc-processed_COI_bboxes.h5,0,,,
sub-C5Z9H8S3N8/ses-02/beh/sub-C5Z9H8S3N8_ses-02_task-other_run-01_desc-processed_beh.mp4,sub-C5Z9H8S3N8_ses-02_task-other_run-01_desc-processed_COI_bboxes.h5,0,,,
sub-D7O9E3F9P9/ses-02/beh/sub-D7O9E3F9P9_ses-02_task-other_run-01_desc-processed_beh.mp4,sub-D7O9E3F9P9_ses-02_task-other_run-01_desc-processed_COI_bboxes.h5,0,,,
sub-D7O9E3F9P9/ses-02/beh/sub-D7O9E3F9P9_ses-02_task-other_run-02_desc-processed_beh.mp4,sub-D7O9E3F9P9_ses-02_task-other_run-02_desc-processed_COI_bboxes.h5,0,,reach,
sub-D7O9E3F9P9/ses-02/beh/sub-D7O9E3F9P9_ses-02_task-unknown_run-01_desc-processed_beh.mp4,sub-D7O9E3F9P9_ses-02_task-unknown_run-01_desc-processed_COI_bboxes.h5,0,,,
sub-D7O9E3F9P9/ses-02/beh/sub-D7O9E3F9P9_ses-02_task-unknown_run-02_desc-processed_beh.mp4,sub-D7O9E3F9P9_ses-02_task-unknown_run-02_desc-processed_COI_bboxes.h5,0,,,
sub-D8G5K7I0D6/ses-01/beh/sub-D8G5K7I0D6_ses-01_task-generalsocialcommunicationinteraction_run-03_desc-processed_beh.mp4,sub-D8G5K7I0D6_ses-01_task-generalsocialcommunicationinteraction_run-03_desc-processed_COI_bboxes.h5,0,,reach,
sub-D8G5K7I0D6/ses-01/beh/sub-D8G5K7I0D6_ses-01_task-generalsocialcommunicationinteraction_run-05_desc-processed_beh.mp4,sub-D8G5K7I0D6_ses-01_task-generalsocialcommunicationinteraction_run-05_desc-processed_COI_bboxes.h5,0,,reach,hands flapping
sub-D8G5K7I0D6/ses-01/beh/sub-D8G5K7I0D6_ses-01_task-generalsocialcommunicationinteraction_run-07_desc-processed_beh.mp4,sub-D8G5K7I0D6_ses-01_task-generalsocialcommunicationinteraction_run-07_desc-processed_COI_bboxes.h5,0,walk,reach,hands flapping
sub-D8G5K7I0D6/ses-01/beh/sub-D8G5K7I0D6_ses-01_task-socialroutine_run-01_desc-processed_beh.mp4,sub-D8G5K7I0D6_ses-01_task-socialroutine_run-01_desc-processed_COI_bboxes.h5,0,,,
sub-D8G5K7I0D6/ses-01/beh/sub-D8G5K7I0D6_ses-01_task-toyplay_run-01_desc-processed_beh.mp4,sub-D8G5K7I0D6_ses-01_task-toyplay_run-01_desc-processed_COI_bboxes.h5,0,,,
sub-D8G5K7I0D6/ses-02/beh/sub-D8G5K7I0D6_ses-02_task-motorplay_run-03_desc-processed_beh.mp4,sub-D8G5K7I0D6_ses-02_task-motorplay_run-03_desc-processed_COI_bboxes.h5,0,,,
sub-D8G5K7I0D6/ses-02/beh/sub-D8G5K7I0D6_ses-02_task-motorplay_run-05_desc-processed_beh.mp4,sub-D8G5K7I0D6_ses-02_task-motorplay_run-05_desc-processed_COI_bboxes.h5,0,,reach,
sub-D8G5K7I0D6/ses-02/beh/sub-D8G5K7I0D6_ses-02_task-toyplay_run-01_desc-processed_beh.mp4,sub-D8G5K7I0D6_ses-02_task-toyplay_run-01_desc-processed_COI_bboxes.h5,0,,reach,
sub-D8O8B2C4X2/ses-01/beh/sub-D8O8B2C4X2_ses-01_task-generalsocialcommunicationinteraction_run-02_desc-processed_beh.mp4,sub-D8O8B2C4X2_ses-01_task-generalsocialcommunicationinteraction_run-02_desc-processed_COI_bboxes.h5,0,,,
sub-D8O8B2C4X2/ses-01/beh/sub-D8O8B2C4X2_ses-01_task-generalsocialcommunicationinteraction_run-04_desc-processed_beh.mp4,sub-D8O8B2C4X2_ses-01_task-generalsocialcommunicationinteraction_run-04_desc-processed_COI_bboxes.h5,0,,reach,
sub-D8O8B2C4X2/ses-01/beh/sub-D8O8B2C4X2_ses-01_task-generalsocialcommunicationinteraction_run-06_desc-processed_beh.mp4,sub-D8O8B2C4X2_ses-01_task-generalsocialcommunicationinteraction_run-06_desc-processed_COI_bboxes.h5,0,,,
sub-D8O8B2C4X2/ses-01/beh/sub-D8O8B2C4X2_ses-01_task-motorplay_run-01_desc-processed_beh.mp4,sub-D8O8B2C4X2_ses-01_task-motorplay_run-01_desc-processed_COI_bboxes.h5,0,,,
sub-D8O8B2C4X2/ses-01/beh/sub-D8O8B2C4X2_ses-01_task-other_run-01_desc-processed_beh.mp4,sub-D8O8B2C4X2_ses-01_task-other_run-01_desc-processed_COI_bboxes.h5,0,,,
sub-D8O8B2C4X2/ses-01/beh/sub-D8O8B2C4X2_ses-01_task-other_run-02_desc-processed_beh.mp4,sub-D8O8B2C4X2_ses-01_task-other_run-02_desc-processed_COI_bboxes.h5,0,,,rocking
sub-D8O8B2C4X2/ses-01/beh/sub-D8O8B2C4X2_ses-01_task-socialroutine_run-01_desc-processed_beh.mp4,sub-D8O8B2C4X2_ses-01_task-socialroutine_run-01_desc-processed_COI_bboxes.h5,0,,multiple,other
sub-D8O8B2C4X2/ses-01/beh/sub-D8O8B2C4X2_ses-01_task-specialoccasion_run-01_desc-processed_beh.mp4,sub-D8O8B2C4X2_ses-01_task-specialoccasion_run-01_desc-processed_COI_bboxes.h5,0,,,
sub-D8O8B2C4X2/ses-02/beh/sub-D8O8B2C4X2_ses-02_task-dailyroutine_run-01_desc-processed_beh.mp4,sub-D8O8B2C4X2_ses-02_task-dailyroutine_run-01_desc-processed_COI_bboxes.h5,0,,,
sub-D8O8B2C4X2/ses-02/beh/sub-D8O8B2C4X2_ses-02_task-generalsocialcommunicationinteraction_run-01_desc-processed_beh.mp4,sub-D8O8B2C4X2_ses-02_task-generalsocialcommunicationinteraction_run-01_desc-processed_COI_bboxes.h5,0,,,
sub-D8O8B2C4X2/ses-02/beh/sub-D8O8B2C4X2_ses-02_task-generalsocialcommunicationinteraction_run-02_desc-processed_beh.mp4,sub-D8O8B2C4X2_ses-02_task-generalsocialcommunicationinteraction_run-02_desc-processed_COI_bboxes.h5,0,,,
sub-D8O8B2C4X2/ses-02/beh/sub-D8O8B2C4X2_ses-02_task-generalsocialcommunicationinteraction_run-03_desc-processed_beh.mp4,sub-D8O8B2C4X2_ses-02_task-generalsocialcommunicationinteraction_run-03_desc-processed_COI_bboxes.h5,0,,wave,
sub-D8O8B2C4X2/ses-02/beh/sub-D8O8B2C4X2_ses-02_task-generalsocialcommunicationinteraction_run-04_desc-processed_beh.mp4,sub-D8O8B2C4X2_ses-02_task-generalsocialcommunicationinteraction_run-04_desc-processed_COI_bboxes.h5,0,,,
sub-D8O8B2C4X2/ses-02/beh/sub-D8O8B2C4X2_ses-02_task-generalsocialcommunicationinteraction_run-06_desc-processed_beh.mp4,sub-D8O8B2C4X2_ses-02_task-generalsocialcommunicationinteraction_run-06_desc-processed_COI_bboxes.h5,0,,reach,
sub-D8O8B2C4X2/ses-02/beh/sub-D8O8B2C4X2_ses-02_task-generalsocialcommunicationinteraction_run-07_desc-processed_beh.mp4,sub-D8O8B2C4X2_ses-02_task-generalsocialcommunicationinteraction_run-07_desc-processed_COI_bboxes.h5,0,,point,
sub-D8O8B2C4X2/ses-02/beh/sub-D8O8B2C4X2_ses-02_task-specialoccasion_run-01_desc-processed_beh.mp4,sub-D8O8B2C4X2_ses-02_task-specialoccasion_run-01_desc-processed_COI_bboxes.h5,0,,,
sub-D8O8B2C4X2/ses-02/beh/sub-D8O8B2C4X2_ses-02_task-toyplay_run-01_desc-processed_beh.mp4,sub-D8O8B2C4X2_ses-02_task-toyplay_run-01_desc-processed_COI_bboxes.h5,0,walk,,
sub-D8O8B2C4X2/ses-02/beh/sub-D8O8B2C4X2_ses-02_task-toyplay_run-02_desc-processed_beh.mp4,sub-D8O8B2C4X2_ses-02_task-toyplay_run-02_desc-processed_COI_bboxes.h5,0,,point,
sub-D8O8B2C4X2/ses-02/beh/sub-D8O8B2C4X2_ses-02_task-toyplay_run-04_desc-processed_beh.mp4,sub-D8O8B2C4X2_ses-02_task-toyplay_run-04_desc-processed_COI_bboxes.h5,0,,,
sub-D9N0U7M9X3/ses-01/beh/sub-D9N0U7M9X3_ses-01_task-socialroutine_run-01_desc-processed_beh.mp4,sub-D9N0U7M9X3_ses-01_task-socialroutine_run-01_desc-processed_COI_bboxes.h5,0,,reach,
sub-D9N0U7M9X3/ses-01/beh/sub-D9N0U7M9X3_ses-01_task-specialoccasion_run-02_desc-processed_beh.mp4,sub-D9N0U7M9X3_ses-01_task-specialoccasion_run-02_desc-processed_COI_bboxes.h5,0,,reach,rocking
sub-D9N0U7M9X3/ses-02/beh/sub-D9N0U7M9X3_ses-02_task-generalsocialcommunicationinteraction_run-03_desc-processed_beh.mp4,sub-D9N0U7M9X3_ses-02_task-generalsocialcommunicationinteraction_run-03_desc-processed_COI_bboxes.h5,0,walk,show,
sub-E2P5Q8S5A7/ses-01/beh/sub-E2P5Q8S5A7_ses-01_task-dailyroutine_run-01_desc-processed_beh.mp4,sub-E2P5Q8S5A7_ses-01_task-dailyroutine_run-01_desc-processed_COI_bboxes.h5,0,,,
sub-E2P5Q8S5A7/ses-01/beh/sub-E2P5Q8S5A7_ses-01_task-generalsocialcommunicationinteraction_run-02_desc-processed_beh.mp4,sub-E2P5Q8S5A7_ses-01_task-generalsocialcommunicationinteraction_run-02_desc-processed_COI_bboxes.h5,0,,,
sub-E2P5Q8S5A7/ses-01/beh/sub-E2P5Q8S5A7_ses-01_task-generalsocialcommunicationinteraction_run-04_desc-processed_beh.mp4,sub-E2P5Q8S5A7_ses-01_task-generalsocialcommunicationinteraction_run-04_desc-processed_COI_bboxes.h5,0,,reach,
sub-E2P5Q8S5A7/ses-01/beh/sub-E2P5Q8S5A7_ses-01_task-generalsocialcommunicationinteraction_run-05_desc-processed_beh.mp4,sub-E2P5Q8S5A7_ses-01_task-generalsocialcommunicationinteraction_run-05_desc-processed_COI_bboxes.h5,0,,reach,
sub-E2P5Q8S5A7/ses-01/beh/sub-E2P5Q8S5A7_ses-01_task-generalsocialcommunicationinteraction_run-06_desc-processed_beh.mp4,sub-E2P5Q8S5A7_ses-01_task-generalsocialcommunicationinteraction_run-06_desc-processed_COI_bboxes.h5,0,,clap,
sub-E2P5Q8S5A7/ses-01/beh/sub-E2P5Q8S5A7_ses-01_task-other_run-01_desc-processed_beh.mp4,sub-E2P5Q8S5A7_ses-01_task-other_run-01_desc-processed_COI_bboxes.h5,0,,,
sub-E2P5Q8S5A7/ses-01/beh/sub-E2P5Q8S5A7_ses-01_task-other_run-02_desc-processed_beh.mp4,sub-E2P5Q8S5A7_ses-01_task-other_run-02_desc-processed_COI_bboxes.h5,0,,,
sub-E2P5Q8S5A7/ses-01/beh/sub-E2P5Q8S5A7_ses-01_task-other_run-03_desc-processed_beh.mp4,sub-E2P5Q8S5A7_ses-01_task-other_run-03_desc-processed_COI_bboxes.h5,0,,give,
sub-E2P5Q8S5A7/ses-01/beh/sub-E2P5Q8S5A7_ses-01_task-other_run-04_desc-processed_beh.mp4,sub-E2P5Q8S5A7_ses-01_task-other_run-04_desc-processed_COI_bboxes.h5,0,,reach,
sub-E2P5Q8S5A7/ses-01/beh/sub-E2P5Q8S5A7_ses-01_task-other_run-05_desc-processed_beh.mp4,sub-E2P5Q8S5A7_ses-01_task-other_run-05_desc-processed_COI_bboxes.h5,0,crawl,take,
sub-E2P5Q8S5A7/ses-01/beh/sub-E2P5Q8S5A7_ses-01_task-toyplay_run-01_desc-processed_beh.mp4,sub-E2P5Q8S5A7_ses-01_task-toyplay_run-01_desc-processed_COI_bboxes.h5,0,,take,
sub-E2P5Q8S5A7/ses-01/beh/sub-E2P5Q8S5A7_ses-01_task-toyplay_run-02_desc-processed_beh.mp4,sub-E2P5Q8S5A7_ses-01_task-toyplay_run-02_desc-processed_COI_bboxes.h5,0,,take,
